id,source,source_table,topic,category,difficulty,frequency,direction,term,question,answer
fsp-stuttgart-001,FSP Stuttgart.docx,1,Medizinische Fachbegriffe FSP Stuttgart,Medizinische Fachbegriffe FSP Stuttgart,basic,1,Fachbegriff → Umgangssprache,Abdomen,Was bedeutet der medizinische Fachbegriff „Abdomen“ in Umgangssprache?,Bauch
fsp-stuttgart-002,FSP Stuttgart.docx,1,Medizinische Fachbegriffe FSP Stuttgart,Medizinische Fachbegriffe FSP Stuttgart,basic,1,Fachbegriff → Umgangssprache,Abduktion,Was bedeutet der medizinische Fachbegriff „Abduktion“ in Umgangssprache?,Wegspreizen einer Extremität nach außen
fsp-stuttgart-003,FSP Stuttgart.docx,1,Medizinische Fachbegriffe FSP Stuttgart,Medizinische Fachbegriffe FSP Stuttgart,basic,1,Fachbegriff → Umgangssprache,Ablatio mammae,Was bedeutet der medizinische Fachbegriff „Ablatio mammae“ in Umgangssprache?,Brustamputation
fsp-stuttgart-004,FSP Stuttgart.docx,1,Medizinische Fachbegriffe FSP Stuttgart,Medizinische Fachbegriffe FSP Stuttgart,basic,1,Fachbegriff → Umgangssprache,Abort,Was bedeutet der medizinische Fachbegriff „Abort“ in Umgangssprache?,Fehlgeburt
fsp-stuttgart-005,FSP Stuttgart.docx,1,Medizinische Fachbegriffe FSP Stuttgart,Medizinische Fachbegriffe FSP Stuttgart,basic,2,Fachbegriff → Umgangssprache,Abszess,Was bedeutet der medizinische Fachbegriff „Abszess“ in Umgangssprache?,Eiteransammlung in einem nicht vorbestehenden Hohlraum
fsp-stuttgart-006,FSP Stuttgart.docx,1,Medizinische Fachbegriffe FSP Stuttgart,Medizinische Fachbegriffe FSP Stuttgart,medium,3,Fachbegriff → Umgangssprache,Abusus,Was bedeutet der medizinische Fachbegriff „Abusus“ in Umgangssprache?,"Missbrauch (Alkohol, Drogen, Medikamente, Tabak)"
fsp-stuttgart-007,FSP Stuttgart.docx,1,Medizinische Fachbegriffe FSP Stuttgart,Medizinische Fachbegriffe FSP Stuttgart,basic,1,Fachbegriff → Umgangssprache,Adaptation,Was bedeutet der medizinische Fachbegriff „Adaptation“ in Umgangssprache?,Anpassung
fsp-stuttgart-008,FSP Stuttgart.docx,1,Medizinische Fachbegriffe FSP Stuttgart,Medizinische Fachbegriffe FSP Stuttgart,basic,2,Fachbegriff → Umgangssprache,Adenotomie,Was bedeutet der medizinische Fachbegriff „Adenotomie“ in Umgangssprache?,operative Entfernung der Rachenmandel
fsp-stuttgart-009,FSP Stuttgart.docx,1,Medizinische Fachbegriffe FSP Stuttgart,Medizinische Fachbegriffe FSP Stuttgart,basic,1,Fachbegriff → Umgangssprache,adipös,Was bedeutet der medizinische Fachbegriff „adipös“ in Umgangssprache?,fettleibig
fsp-stuttgart-010,FSP Stuttgart.docx,1,Medizinische Fachbegriffe FSP Stuttgart,Medizinische Fachbegriffe FSP Stuttgart,basic,1,Fachbegriff → Umgangssprache,Adoleszenz,Was bedeutet der medizinische Fachbegriff „Adoleszenz“ in Umgangssprache?,Jugendalter
fsp-stuttgart-011,FSP Stuttgart.docx,1,Medizinische Fachbegriffe FSP Stuttgart,Medizinische Fachbegriffe FSP Stuttgart,basic,1,Fachbegriff → Umgangssprache,Adventitia,Was bedeutet der medizinische Fachbegriff „Adventitia“ in Umgangssprache?,äußere Schicht der Blutgefäßwand
fsp-stuttgart-012,FSP Stuttgart.docx,1,Medizinische Fachbegriffe FSP Stuttgart,Medizinische Fachbegriffe FSP Stuttgart,basic,1,Fachbegriff → Umgangssprache,Adynamie,Was bedeutet der medizinische Fachbegriff „Adynamie“ in Umgangssprache?,Antriebslosigkeit
fsp-stuttgart-013,FSP Stuttgart.docx,1,Medizinische Fachbegriffe FSP Stuttgart,Medizinische Fachbegriffe FSP Stuttgart,basic,1,Fachbegriff → Umgangssprache,Aerobie,Was bedeutet der medizinische Fachbegriff „Aerobie“ in Umgangssprache?,"Leben, das Sauerstoff (O2) benötigt"
fsp-stuttgart-014,FSP Stuttgart.docx,1,Medizinische Fachbegriffe FSP Stuttgart,Medizinische Fachbegriffe FSP Stuttgart,basic,1,Fachbegriff → Umgangssprache,Affekt,Was bedeutet der medizinische Fachbegriff „Affekt“ in Umgangssprache?,"starke, kurz andauernde Gemütsbewegung"
fsp-stuttgart-015,FSP Stuttgart.docx,1,Medizinische Fachbegriffe FSP Stuttgart,Medizinische Fachbegriffe FSP Stuttgart,basic,1,Fachbegriff → Umgangssprache,Agglutination,Was bedeutet der medizinische Fachbegriff „Agglutination“ in Umgangssprache?,Verklumpung
fsp-stuttgart-016,FSP Stuttgart.docx,1,Medizinische Fachbegriffe FSP Stuttgart,Medizinische Fachbegriffe FSP Stuttgart,basic,1,Fachbegriff → Umgangssprache,aggravieren,Was bedeutet der medizinische Fachbegriff „aggravieren“ in Umgangssprache?,eine Krankheit übertrieben darstellen
fsp-stuttgart-017,FSP Stuttgart.docx,1,Medizinische Fachbegriffe FSP Stuttgart,Medizinische Fachbegriffe FSP Stuttgart,basic,2,Fachbegriff → Umgangssprache,Akkommodation,Was bedeutet der medizinische Fachbegriff „Akkommodation“ in Umgangssprache?,1. Anpassung 2. Scharfeinstellung des Auges
fsp-stuttgart-018,FSP Stuttgart.docx,1,Medizinische Fachbegriffe FSP Stuttgart,Medizinische Fachbegriffe FSP Stuttgart,basic,2,Fachbegriff → Umgangssprache,Akren,Was bedeutet der medizinische Fachbegriff „Akren“ in Umgangssprache?,die äußersten Teile des Körpers
fsp-stuttgart-019,FSP Stuttgart.docx,1,Medizinische Fachbegriffe FSP Stuttgart,Medizinische Fachbegriffe FSP Stuttgart,basic,2,Fachbegriff → Umgangssprache,Akromegalie,Was bedeutet der medizinische Fachbegriff „Akromegalie“ in Umgangssprache?,Vergrößerung der äußersten Körperteile
fsp-stuttgart-020,FSP Stuttgart.docx,1,Medizinische Fachbegriffe FSP Stuttgart,Medizinische Fachbegriffe FSP Stuttgart,basic,1,Fachbegriff → Umgangssprache,Albino,Was bedeutet der medizinische Fachbegriff „Albino“ in Umgangssprache?,Lebewesen mit angeborenem Pigmentmangel
fsp-stuttgart-021,FSP Stuttgart.docx,1,Medizinische Fachbegriffe FSP Stuttgart,Medizinische Fachbegriffe FSP Stuttgart,basic,1,Fachbegriff → Umgangssprache,Alkalose,Was bedeutet der medizinische Fachbegriff „Alkalose“ in Umgangssprache?,Erhöhung des pH-Werts in Blut und Geweben
fsp-stuttgart-022,FSP Stuttgart.docx,1,Medizinische Fachbegriffe FSP Stuttgart,Medizinische Fachbegriffe FSP Stuttgart,basic,1,Fachbegriff → Umgangssprache,Allergen,Was bedeutet der medizinische Fachbegriff „Allergen“ in Umgangssprache?,"Stoff, der eine Allergie hervorrufen kann"
fsp-stuttgart-023,FSP Stuttgart.docx,1,Medizinische Fachbegriffe FSP Stuttgart,Medizinische Fachbegriffe FSP Stuttgart,medium,4,Fachbegriff → Umgangssprache,Allergie,Was bedeutet der medizinische Fachbegriff „Allergie“ in Umgangssprache?,Krankheit mit starker Überempfindlichkeit auf einen bestimmten Stoff
fsp-stuttgart-024,FSP Stuttgart.docx,1,Medizinische Fachbegriffe FSP Stuttgart,Medizinische Fachbegriffe FSP Stuttgart,basic,1,Fachbegriff → Umgangssprache,allergisch,Was bedeutet der medizinische Fachbegriff „allergisch“ in Umgangssprache?,krankhaft überempfindlich auf einen bestimmten Stoff
fsp-stuttgart-025,FSP Stuttgart.docx,1,Medizinische Fachbegriffe FSP Stuttgart,Medizinische Fachbegriffe FSP Stuttgart,basic,1,Fachbegriff → Umgangssprache,Alopezie,Was bedeutet der medizinische Fachbegriff „Alopezie“ in Umgangssprache?,Haarausfall
fsp-stuttgart-026,FSP Stuttgart.docx,1,Medizinische Fachbegriffe FSP Stuttgart,Medizinische Fachbegriffe FSP Stuttgart,basic,1,Fachbegriff → Umgangssprache,Altinsulin,Was bedeutet der medizinische Fachbegriff „Altinsulin“ in Umgangssprache?,Insulin ohne verzögernde Zusätze
fsp-stuttgart-027,FSP Stuttgart.docx,2,Medizinische Fachbegriffe FSP Stuttgart,Medizinische Fachbegriffe FSP Stuttgart,basic,1,Fachbegriff → Umgangssprache,Amenorrhö,Was bedeutet der medizinische Fachbegriff „Amenorrhö“ in Umgangssprache?,Ausbleiben der Menstruation
fsp-stuttgart-028,FSP Stuttgart.docx,2,Medizinische Fachbegriffe FSP Stuttgart,Medizinische Fachbegriffe FSP Stuttgart,basic,2,Fachbegriff → Umgangssprache,Amnioskopie,Was bedeutet der medizinische Fachbegriff „Amnioskopie“ in Umgangssprache?,Fruchtwasserspiegelung
fsp-stuttgart-029,FSP Stuttgart.docx,2,Medizinische Fachbegriffe FSP Stuttgart,Medizinische Fachbegriffe FSP Stuttgart,basic,1,Fachbegriff → Umgangssprache,anaerob,Was bedeutet der medizinische Fachbegriff „anaerob“ in Umgangssprache?,ohne Sauerstoff
fsp-stuttgart-030,FSP Stuttgart.docx,2,Medizinische Fachbegriffe FSP Stuttgart,Medizinische Fachbegriffe FSP Stuttgart,basic,1,Fachbegriff → Umgangssprache,Analgesie,Was bedeutet der medizinische Fachbegriff „Analgesie“ in Umgangssprache?,Schmerzbekämpfung
fsp-stuttgart-031,FSP Stuttgart.docx,2,Medizinische Fachbegriffe FSP Stuttgart,Medizinische Fachbegriffe FSP Stuttgart,basic,1,Fachbegriff → Umgangssprache,Analgetikum,Was bedeutet der medizinische Fachbegriff „Analgetikum“ in Umgangssprache?,Schmerzmittel
fsp-stuttgart-032,FSP Stuttgart.docx,2,Medizinische Fachbegriffe FSP Stuttgart,Medizinische Fachbegriffe FSP Stuttgart,basic,2,Fachbegriff → Umgangssprache,anamnestisch,Was bedeutet der medizinische Fachbegriff „anamnestisch“ in Umgangssprache?,zur Vorgeschichte des Kranken gehörend
fsp-stuttgart-033,FSP Stuttgart.docx,2,Medizinische Fachbegriffe FSP Stuttgart,Medizinische Fachbegriffe FSP Stuttgart,basic,2,Fachbegriff → Umgangssprache,anämisch,Was bedeutet der medizinische Fachbegriff „anämisch“ in Umgangssprache?,blutarm
fsp-stuttgart-034,FSP Stuttgart.docx,2,Medizinische Fachbegriffe FSP Stuttgart,Medizinische Fachbegriffe FSP Stuttgart,medium,4,Fachbegriff → Umgangssprache,Anästhesie,Was bedeutet der medizinische Fachbegriff „Anästhesie“ in Umgangssprache?,Narkose
fsp-stuttgart-035,FSP Stuttgart.docx,2,Medizinische Fachbegriffe FSP Stuttgart,Medizinische Fachbegriffe FSP Stuttgart,basic,2,Fachbegriff → Umgangssprache,Anatomie,Was bedeutet der medizinische Fachbegriff „Anatomie“ in Umgangssprache?,Lehre vom Bau des Körpers
fsp-stuttgart-036,FSP Stuttgart.docx,2,Medizinische Fachbegriffe FSP Stuttgart,Medizinische Fachbegriffe FSP Stuttgart,medium,3,Fachbegriff → Umgangssprache,Androgene (pl.),Was bedeutet der medizinische Fachbegriff „Androgene (pl.)“ in Umgangssprache?,männliche Sexualhormone
fsp-stuttgart-037,FSP Stuttgart.docx,2,Medizinische Fachbegriffe FSP Stuttgart,Medizinische Fachbegriffe FSP Stuttgart,basic,1,Fachbegriff → Umgangssprache,Aneurysma,Was bedeutet der medizinische Fachbegriff „Aneurysma“ in Umgangssprache?,umschriebene Erweiterung einer Schlagader
fsp-stuttgart-038,FSP Stuttgart.docx,2,Medizinische Fachbegriffe FSP Stuttgart,Medizinische Fachbegriffe FSP Stuttgart,basic,2,Fachbegriff → Umgangssprache,Angina Pectoris,Was bedeutet der medizinische Fachbegriff „Angina Pectoris“ in Umgangssprache?,Herzschmerzen infolge einer Durchblutungsstörung der Herzkranzgefäße
fsp-stuttgart-039,FSP Stuttgart.docx,2,Medizinische Fachbegriffe FSP Stuttgart,Medizinische Fachbegriffe FSP Stuttgart,basic,1,Fachbegriff → Umgangssprache,Angulus,Was bedeutet der medizinische Fachbegriff „Angulus“ in Umgangssprache?,Winkel
fsp-stuttgart-040,FSP Stuttgart.docx,2,Medizinische Fachbegriffe FSP Stuttgart,Medizinische Fachbegriffe FSP Stuttgart,basic,1,Fachbegriff → Umgangssprache,Anorexia nervosa,Was bedeutet der medizinische Fachbegriff „Anorexia nervosa“ in Umgangssprache?,Magersucht
fsp-stuttgart-041,FSP Stuttgart.docx,2,Medizinische Fachbegriffe FSP Stuttgart,Medizinische Fachbegriffe FSP Stuttgart,medium,4,Fachbegriff → Umgangssprache,Antagonist,Was bedeutet der medizinische Fachbegriff „Antagonist“ in Umgangssprache?,"Gegenspieler, gegensätzlich wirkendes Organ oder Medikament"
fsp-stuttgart-042,FSP Stuttgart.docx,2,Medizinische Fachbegriffe FSP Stuttgart,Medizinische Fachbegriffe FSP Stuttgart,basic,1,Fachbegriff → Umgangssprache,anterior,Was bedeutet der medizinische Fachbegriff „anterior“ in Umgangssprache?,vorderer
fsp-stuttgart-043,FSP Stuttgart.docx,2,Medizinische Fachbegriffe FSP Stuttgart,Medizinische Fachbegriffe FSP Stuttgart,basic,2,Fachbegriff → Umgangssprache,Antiarrhythmika,Was bedeutet der medizinische Fachbegriff „Antiarrhythmika“ in Umgangssprache?,Arzneimittel zur Behandlung von Herzrhythmusstörungen
fsp-stuttgart-044,FSP Stuttgart.docx,2,Medizinische Fachbegriffe FSP Stuttgart,Medizinische Fachbegriffe FSP Stuttgart,basic,1,Fachbegriff → Umgangssprache,Antibiotika,Was bedeutet der medizinische Fachbegriff „Antibiotika“ in Umgangssprache?,Arzneimittel zur Bekämpfung von Bakterien
fsp-stuttgart-045,FSP Stuttgart.docx,2,Medizinische Fachbegriffe FSP Stuttgart,Medizinische Fachbegriffe FSP Stuttgart,basic,1,Fachbegriff → Umgangssprache,Anticholinergikum,Was bedeutet der medizinische Fachbegriff „Anticholinergikum“ in Umgangssprache?,"ein Wirkstoff, der die Wirkung von Acetylcholin unterdrückt"
fsp-stuttgart-046,FSP Stuttgart.docx,2,Medizinische Fachbegriffe FSP Stuttgart,Medizinische Fachbegriffe FSP Stuttgart,basic,2,Fachbegriff → Umgangssprache,Antiemetika,Was bedeutet der medizinische Fachbegriff „Antiemetika“ in Umgangssprache?,Mittel gegen Übelkeit und Brechreiz
fsp-stuttgart-047,FSP Stuttgart.docx,2,Medizinische Fachbegriffe FSP Stuttgart,Medizinische Fachbegriffe FSP Stuttgart,basic,1,Fachbegriff → Umgangssprache,Antiepileptika,Was bedeutet der medizinische Fachbegriff „Antiepileptika“ in Umgangssprache?,Arzneimittel gegen Epilepsie
fsp-stuttgart-048,FSP Stuttgart.docx,2,Medizinische Fachbegriffe FSP Stuttgart,Medizinische Fachbegriffe FSP Stuttgart,basic,2,Fachbegriff → Umgangssprache,Antikonvulsiva,Was bedeutet der medizinische Fachbegriff „Antikonvulsiva“ in Umgangssprache?,Mittel zur Behandlung der verschiedenen Epilepsieformen
fsp-stuttgart-049,FSP Stuttgart.docx,2,Medizinische Fachbegriffe FSP Stuttgart,Medizinische Fachbegriffe FSP Stuttgart,basic,1,Fachbegriff → Umgangssprache,Antikörper,Was bedeutet der medizinische Fachbegriff „Antikörper“ in Umgangssprache?,Abwehrstoffe im Blut gegen artfremde Eiweiße
fsp-stuttgart-050,FSP Stuttgart.docx,2,Medizinische Fachbegriffe FSP Stuttgart,Medizinische Fachbegriffe FSP Stuttgart,basic,1,Fachbegriff → Umgangssprache,Antipyretikum,Was bedeutet der medizinische Fachbegriff „Antipyretikum“ in Umgangssprache?,fiebersenkendes Mittel
fsp-stuttgart-051,FSP Stuttgart.docx,2,Medizinische Fachbegriffe FSP Stuttgart,Medizinische Fachbegriffe FSP Stuttgart,basic,1,Fachbegriff → Umgangssprache,Antiseptika,Was bedeutet der medizinische Fachbegriff „Antiseptika“ in Umgangssprache?,keimtötendes Mittel
fsp-stuttgart-052,FSP Stuttgart.docx,2,Medizinische Fachbegriffe FSP Stuttgart,Medizinische Fachbegriffe FSP Stuttgart,basic,2,Fachbegriff → Umgangssprache,Antiseptikum,Was bedeutet der medizinische Fachbegriff „Antiseptikum“ in Umgangssprache?,keimtötendes Mittel
fsp-stuttgart-053,FSP Stuttgart.docx,2,Medizinische Fachbegriffe FSP Stuttgart,Medizinische Fachbegriffe FSP Stuttgart,basic,1,Fachbegriff → Umgangssprache,Aortenklappeninsuffizienz,Was bedeutet der medizinische Fachbegriff „Aortenklappeninsuffizienz“ in Umgangssprache?,mangelhafte Schluss der Aortenklappe des Herzens
fsp-stuttgart-054,FSP Stuttgart.docx,2,Medizinische Fachbegriffe FSP Stuttgart,Medizinische Fachbegriffe FSP Stuttgart,basic,2,Fachbegriff → Umgangssprache,Apathie,Was bedeutet der medizinische Fachbegriff „Apathie“ in Umgangssprache?,Teilnahmslosigkeit
fsp-stuttgart-055,FSP Stuttgart.docx,3,Medizinische Fachbegriffe FSP Stuttgart,Medizinische Fachbegriffe FSP Stuttgart,medium,3,Fachbegriff → Umgangssprache,apathogen,Was bedeutet der medizinische Fachbegriff „apathogen“ in Umgangssprache?,nicht krankmachend
fsp-stuttgart-056,FSP Stuttgart.docx,3,Medizinische Fachbegriffe FSP Stuttgart,Medizinische Fachbegriffe FSP Stuttgart,basic,1,Fachbegriff → Umgangssprache,Apgar-Schema,Was bedeutet der medizinische Fachbegriff „Apgar-Schema“ in Umgangssprache?,Schema zur Vitalitätsbeurteilung des Neugeborenen
fsp-stuttgart-057,FSP Stuttgart.docx,3,Medizinische Fachbegriffe FSP Stuttgart,Medizinische Fachbegriffe FSP Stuttgart,medium,3,Fachbegriff → Umgangssprache,Aphasie,Was bedeutet der medizinische Fachbegriff „Aphasie“ in Umgangssprache?,Sprachverlust durch Störung des Sprachzentrums
fsp-stuttgart-058,FSP Stuttgart.docx,3,Medizinische Fachbegriffe FSP Stuttgart,Medizinische Fachbegriffe FSP Stuttgart,basic,1,Fachbegriff → Umgangssprache,Apoplektischer Insult,Was bedeutet der medizinische Fachbegriff „Apoplektischer Insult“ in Umgangssprache?,Schlaganfall
fsp-stuttgart-059,FSP Stuttgart.docx,3,Medizinische Fachbegriffe FSP Stuttgart,Medizinische Fachbegriffe FSP Stuttgart,basic,1,Fachbegriff → Umgangssprache,Appendizitis,Was bedeutet der medizinische Fachbegriff „Appendizitis“ in Umgangssprache?,Wurmfortsatzentzündung
fsp-stuttgart-060,FSP Stuttgart.docx,3,Medizinische Fachbegriffe FSP Stuttgart,Medizinische Fachbegriffe FSP Stuttgart,basic,1,Fachbegriff → Umgangssprache,Arteria pulmonalis,Was bedeutet der medizinische Fachbegriff „Arteria pulmonalis“ in Umgangssprache?,Lungenschlagader
fsp-stuttgart-061,FSP Stuttgart.docx,3,Medizinische Fachbegriffe FSP Stuttgart,Medizinische Fachbegriffe FSP Stuttgart,basic,2,Fachbegriff → Umgangssprache,Aszites,Was bedeutet der medizinische Fachbegriff „Aszites“ in Umgangssprache?,"Bauchödem, Flüssigkeitsansammlung in der freien Bauchhöhle"
fsp-stuttgart-062,FSP Stuttgart.docx,3,Medizinische Fachbegriffe FSP Stuttgart,Medizinische Fachbegriffe FSP Stuttgart,basic,1,Fachbegriff → Umgangssprache,Ataxie,Was bedeutet der medizinische Fachbegriff „Ataxie“ in Umgangssprache?,Störung der Bewegungskoordination
fsp-stuttgart-063,FSP Stuttgart.docx,3,Medizinische Fachbegriffe FSP Stuttgart,Medizinische Fachbegriffe FSP Stuttgart,basic,1,Fachbegriff → Umgangssprache,Atelektase,Was bedeutet der medizinische Fachbegriff „Atelektase“ in Umgangssprache?,"kollabierten Lungenabschnitt, der mit wenig oder keiner Luft gefüllt ist"
fsp-stuttgart-064,FSP Stuttgart.docx,3,Medizinische Fachbegriffe FSP Stuttgart,Medizinische Fachbegriffe FSP Stuttgart,basic,2,Fachbegriff → Umgangssprache,ätiologisch,Was bedeutet der medizinische Fachbegriff „ätiologisch“ in Umgangssprache?,die Krankheitsursachen betreffend
fsp-stuttgart-065,FSP Stuttgart.docx,3,Medizinische Fachbegriffe FSP Stuttgart,Medizinische Fachbegriffe FSP Stuttgart,basic,1,Fachbegriff → Umgangssprache,Atrophie,Was bedeutet der medizinische Fachbegriff „Atrophie“ in Umgangssprache?,Schwund
fsp-stuttgart-066,FSP Stuttgart.docx,3,Medizinische Fachbegriffe FSP Stuttgart,Medizinische Fachbegriffe FSP Stuttgart,basic,1,Fachbegriff → Umgangssprache,aurikular,Was bedeutet der medizinische Fachbegriff „aurikular“ in Umgangssprache?,"die Ohren betreffend, zum Ohr gehörig"
fsp-stuttgart-067,FSP Stuttgart.docx,3,Medizinische Fachbegriffe FSP Stuttgart,Medizinische Fachbegriffe FSP Stuttgart,basic,1,Fachbegriff → Umgangssprache,auskultatorisch,Was bedeutet der medizinische Fachbegriff „auskultatorisch“ in Umgangssprache?,durch Abhorchen
fsp-stuttgart-068,FSP Stuttgart.docx,3,Medizinische Fachbegriffe FSP Stuttgart,Medizinische Fachbegriffe FSP Stuttgart,basic,2,Fachbegriff → Umgangssprache,Bakteriämie,Was bedeutet der medizinische Fachbegriff „Bakteriämie“ in Umgangssprache?,Vorhandensein von Bakterien im Blut
fsp-stuttgart-069,FSP Stuttgart.docx,3,Medizinische Fachbegriffe FSP Stuttgart,Medizinische Fachbegriffe FSP Stuttgart,medium,3,Fachbegriff → Umgangssprache,Bakteriostase,Was bedeutet der medizinische Fachbegriff „Bakteriostase“ in Umgangssprache?,Keimhemmung; Verhinderung des Keimwachstums und der Keimvermehrung ohne Abtötung
fsp-stuttgart-070,FSP Stuttgart.docx,3,Medizinische Fachbegriffe FSP Stuttgart,Medizinische Fachbegriffe FSP Stuttgart,basic,2,Fachbegriff → Umgangssprache,bakterizid,Was bedeutet der medizinische Fachbegriff „bakterizid“ in Umgangssprache?,bakterientötend
fsp-stuttgart-071,FSP Stuttgart.docx,3,Medizinische Fachbegriffe FSP Stuttgart,Medizinische Fachbegriffe FSP Stuttgart,medium,3,Fachbegriff → Umgangssprache,bilateral,Was bedeutet der medizinische Fachbegriff „bilateral“ in Umgangssprache?,beidseitig
fsp-stuttgart-072,FSP Stuttgart.docx,3,Medizinische Fachbegriffe FSP Stuttgart,Medizinische Fachbegriffe FSP Stuttgart,medium,3,Fachbegriff → Umgangssprache,Bride,Was bedeutet der medizinische Fachbegriff „Bride“ in Umgangssprache?,Verwachsung
fsp-stuttgart-073,FSP Stuttgart.docx,3,Medizinische Fachbegriffe FSP Stuttgart,Medizinische Fachbegriffe FSP Stuttgart,basic,1,Fachbegriff → Umgangssprache,Bronchiale Asthma,Was bedeutet der medizinische Fachbegriff „Bronchiale Asthma“ in Umgangssprache?,"Atemnoterkrankung, anfallsweise auftretende Atemnot"
fsp-stuttgart-074,FSP Stuttgart.docx,3,Medizinische Fachbegriffe FSP Stuttgart,Medizinische Fachbegriffe FSP Stuttgart,medium,3,Fachbegriff → Umgangssprache,Bursa,Was bedeutet der medizinische Fachbegriff „Bursa“ in Umgangssprache?,Beutel; Schleimbeutel
fsp-stuttgart-075,FSP Stuttgart.docx,3,Medizinische Fachbegriffe FSP Stuttgart,Medizinische Fachbegriffe FSP Stuttgart,basic,1,Fachbegriff → Umgangssprache,cardiogen,Was bedeutet der medizinische Fachbegriff „cardiogen“ in Umgangssprache?,seine Ursache im Herzen habend
fsp-stuttgart-076,FSP Stuttgart.docx,3,Medizinische Fachbegriffe FSP Stuttgart,Medizinische Fachbegriffe FSP Stuttgart,basic,1,Fachbegriff → Umgangssprache,Cephalgie,Was bedeutet der medizinische Fachbegriff „Cephalgie“ in Umgangssprache?,Kopfschmerz
fsp-stuttgart-077,FSP Stuttgart.docx,3,Medizinische Fachbegriffe FSP Stuttgart,Medizinische Fachbegriffe FSP Stuttgart,basic,1,Fachbegriff → Umgangssprache,cerebralis,Was bedeutet der medizinische Fachbegriff „cerebralis“ in Umgangssprache?,"zum Großhirn gehörig, cerebral, zerebral"
fsp-stuttgart-078,FSP Stuttgart.docx,3,Medizinische Fachbegriffe FSP Stuttgart,Medizinische Fachbegriffe FSP Stuttgart,basic,1,Fachbegriff → Umgangssprache,Chemotherapie,Was bedeutet der medizinische Fachbegriff „Chemotherapie“ in Umgangssprache?,medikamentöse Therapie von Krebserkrankungen
fsp-stuttgart-079,FSP Stuttgart.docx,3,Medizinische Fachbegriffe FSP Stuttgart,Medizinische Fachbegriffe FSP Stuttgart,medium,3,Fachbegriff → Umgangssprache,Cholestase,Was bedeutet der medizinische Fachbegriff „Cholestase“ in Umgangssprache?,Gallestauung
fsp-stuttgart-080,FSP Stuttgart.docx,3,Medizinische Fachbegriffe FSP Stuttgart,Medizinische Fachbegriffe FSP Stuttgart,basic,1,Fachbegriff → Umgangssprache,Colitis,Was bedeutet der medizinische Fachbegriff „Colitis“ in Umgangssprache?,Dickdarmentzündung
fsp-stuttgart-081,FSP Stuttgart.docx,3,Medizinische Fachbegriffe FSP Stuttgart,Medizinische Fachbegriffe FSP Stuttgart,basic,2,Fachbegriff → Umgangssprache,Colon irritabile,Was bedeutet der medizinische Fachbegriff „Colon irritabile“ in Umgangssprache?,Reizdarmsyndrom
fsp-stuttgart-082,FSP Stuttgart.docx,3,Medizinische Fachbegriffe FSP Stuttgart,Medizinische Fachbegriffe FSP Stuttgart,basic,1,Fachbegriff → Umgangssprache,Coxa,Was bedeutet der medizinische Fachbegriff „Coxa“ in Umgangssprache?,Hüfte
fsp-stuttgart-083,FSP Stuttgart.docx,4,Medizinische Fachbegriffe FSP Stuttgart,Medizinische Fachbegriffe FSP Stuttgart,basic,1,Fachbegriff → Umgangssprache,Coxa valga,Was bedeutet der medizinische Fachbegriff „Coxa valga“ in Umgangssprache?,relativ steilen Stand des oberen Endes vom Oberschenkelknochen
fsp-stuttgart-084,FSP Stuttgart.docx,4,Medizinische Fachbegriffe FSP Stuttgart,Medizinische Fachbegriffe FSP Stuttgart,basic,2,Fachbegriff → Umgangssprache,Dehydratation,Was bedeutet der medizinische Fachbegriff „Dehydratation“ in Umgangssprache?,Abnahme des Körperwassers
fsp-stuttgart-085,FSP Stuttgart.docx,4,Medizinische Fachbegriffe FSP Stuttgart,Medizinische Fachbegriffe FSP Stuttgart,basic,1,Fachbegriff → Umgangssprache,Dekade,Was bedeutet der medizinische Fachbegriff „Dekade“ in Umgangssprache?,"zehn Stück; Zeitraum von zehn Tagen, Wochen, Monaten oder Jahren"
fsp-stuttgart-086,FSP Stuttgart.docx,4,Medizinische Fachbegriffe FSP Stuttgart,Medizinische Fachbegriffe FSP Stuttgart,basic,1,Fachbegriff → Umgangssprache,Delirium tremens,Was bedeutet der medizinische Fachbegriff „Delirium tremens“ in Umgangssprache?,"Alkoholdelir, bei [Alkohol]vergiftungen auftretendes Delirium"
fsp-stuttgart-087,FSP Stuttgart.docx,4,Medizinische Fachbegriffe FSP Stuttgart,Medizinische Fachbegriffe FSP Stuttgart,basic,1,Fachbegriff → Umgangssprache,depressiv,Was bedeutet der medizinische Fachbegriff „depressiv“ in Umgangssprache?,niedergeschlagen
fsp-stuttgart-088,FSP Stuttgart.docx,4,Medizinische Fachbegriffe FSP Stuttgart,Medizinische Fachbegriffe FSP Stuttgart,basic,1,Fachbegriff → Umgangssprache,Dermatitis,Was bedeutet der medizinische Fachbegriff „Dermatitis“ in Umgangssprache?,Entzündung der Haut
fsp-stuttgart-089,FSP Stuttgart.docx,4,Medizinische Fachbegriffe FSP Stuttgart,Medizinische Fachbegriffe FSP Stuttgart,basic,1,Fachbegriff → Umgangssprache,Dermis,Was bedeutet der medizinische Fachbegriff „Dermis“ in Umgangssprache?,Haut
fsp-stuttgart-090,FSP Stuttgart.docx,4,Medizinische Fachbegriffe FSP Stuttgart,Medizinische Fachbegriffe FSP Stuttgart,basic,1,Fachbegriff → Umgangssprache,Diagnosis ex juvantibus,Was bedeutet der medizinische Fachbegriff „Diagnosis ex juvantibus“ in Umgangssprache?,Diagnose anhand des Erfolges oder Misserfolges der Therapie
fsp-stuttgart-091,FSP Stuttgart.docx,4,Medizinische Fachbegriffe FSP Stuttgart,Medizinische Fachbegriffe FSP Stuttgart,basic,1,Fachbegriff → Umgangssprache,Diarrhö,Was bedeutet der medizinische Fachbegriff „Diarrhö“ in Umgangssprache?,Durchfall
fsp-stuttgart-092,FSP Stuttgart.docx,4,Medizinische Fachbegriffe FSP Stuttgart,Medizinische Fachbegriffe FSP Stuttgart,basic,2,Fachbegriff → Umgangssprache,Dislokation,Was bedeutet der medizinische Fachbegriff „Dislokation“ in Umgangssprache?,Verschiebung von Knochenbruchstücken
fsp-stuttgart-093,FSP Stuttgart.docx,4,Medizinische Fachbegriffe FSP Stuttgart,Medizinische Fachbegriffe FSP Stuttgart,basic,2,Fachbegriff → Umgangssprache,Disposition,Was bedeutet der medizinische Fachbegriff „Disposition“ in Umgangssprache?,Anfälligkeit
fsp-stuttgart-094,FSP Stuttgart.docx,4,Medizinische Fachbegriffe FSP Stuttgart,Medizinische Fachbegriffe FSP Stuttgart,basic,1,Fachbegriff → Umgangssprache,Distorsion,Was bedeutet der medizinische Fachbegriff „Distorsion“ in Umgangssprache?,"Verstauchung, Zerrung eines Gelenks"
fsp-stuttgart-095,FSP Stuttgart.docx,4,Medizinische Fachbegriffe FSP Stuttgart,Medizinische Fachbegriffe FSP Stuttgart,basic,1,Fachbegriff → Umgangssprache,Diuretika,Was bedeutet der medizinische Fachbegriff „Diuretika“ in Umgangssprache?,harntreibende Mittel/Mittel zur Anregung der Wasserausscheidung
fsp-stuttgart-096,FSP Stuttgart.docx,4,Medizinische Fachbegriffe FSP Stuttgart,Medizinische Fachbegriffe FSP Stuttgart,basic,1,Fachbegriff → Umgangssprache,Dorsal,Was bedeutet der medizinische Fachbegriff „Dorsal“ in Umgangssprache?,rückseitig
fsp-stuttgart-097,FSP Stuttgart.docx,4,Medizinische Fachbegriffe FSP Stuttgart,Medizinische Fachbegriffe FSP Stuttgart,basic,1,Fachbegriff → Umgangssprache,Dorsum,Was bedeutet der medizinische Fachbegriff „Dorsum“ in Umgangssprache?,Rücken
fsp-stuttgart-098,FSP Stuttgart.docx,4,Medizinische Fachbegriffe FSP Stuttgart,Medizinische Fachbegriffe FSP Stuttgart,basic,2,Fachbegriff → Umgangssprache,Duodenalsonde,Was bedeutet der medizinische Fachbegriff „Duodenalsonde“ in Umgangssprache?,Zwölffingerdarmsonde
fsp-stuttgart-099,FSP Stuttgart.docx,4,Medizinische Fachbegriffe FSP Stuttgart,Medizinische Fachbegriffe FSP Stuttgart,basic,1,Fachbegriff → Umgangssprache,Dysarthrie,Was bedeutet der medizinische Fachbegriff „Dysarthrie“ in Umgangssprache?,Sprachstörung
fsp-stuttgart-100,FSP Stuttgart.docx,4,Medizinische Fachbegriffe FSP Stuttgart,Medizinische Fachbegriffe FSP Stuttgart,basic,1,Fachbegriff → Umgangssprache,Dysmenorrhö,Was bedeutet der medizinische Fachbegriff „Dysmenorrhö“ in Umgangssprache?,schmerzhafte Regelblutung
fsp-stuttgart-101,FSP Stuttgart.docx,4,Medizinische Fachbegriffe FSP Stuttgart,Medizinische Fachbegriffe FSP Stuttgart,basic,1,Fachbegriff → Umgangssprache,Emesis,Was bedeutet der medizinische Fachbegriff „Emesis“ in Umgangssprache?,Erbrechen
fsp-stuttgart-102,FSP Stuttgart.docx,4,Medizinische Fachbegriffe FSP Stuttgart,Medizinische Fachbegriffe FSP Stuttgart,basic,1,Fachbegriff → Umgangssprache,Enuresis nocturna,Was bedeutet der medizinische Fachbegriff „Enuresis nocturna“ in Umgangssprache?,(nächtliches) Bettnässen
fsp-stuttgart-103,FSP Stuttgart.docx,4,Medizinische Fachbegriffe FSP Stuttgart,Medizinische Fachbegriffe FSP Stuttgart,basic,1,Fachbegriff → Umgangssprache,Epididymistorsion,Was bedeutet der medizinische Fachbegriff „Epididymistorsion“ in Umgangssprache?,Hodenverdrehung
fsp-stuttgart-104,FSP Stuttgart.docx,4,Medizinische Fachbegriffe FSP Stuttgart,Medizinische Fachbegriffe FSP Stuttgart,basic,2,Fachbegriff → Umgangssprache,Epididymitis,Was bedeutet der medizinische Fachbegriff „Epididymitis“ in Umgangssprache?,Nebenhodenentzündung
fsp-stuttgart-105,FSP Stuttgart.docx,4,Medizinische Fachbegriffe FSP Stuttgart,Medizinische Fachbegriffe FSP Stuttgart,basic,1,Fachbegriff → Umgangssprache,Epiglottis,Was bedeutet der medizinische Fachbegriff „Epiglottis“ in Umgangssprache?,Kehldeckel
fsp-stuttgart-106,FSP Stuttgart.docx,4,Medizinische Fachbegriffe FSP Stuttgart,Medizinische Fachbegriffe FSP Stuttgart,basic,1,Fachbegriff → Umgangssprache,Exophthalmus,Was bedeutet der medizinische Fachbegriff „Exophthalmus“ in Umgangssprache?,krankhaftes Vortreten des Augapfels
fsp-stuttgart-107,FSP Stuttgart.docx,4,Medizinische Fachbegriffe FSP Stuttgart,Medizinische Fachbegriffe FSP Stuttgart,basic,2,Fachbegriff → Umgangssprache,Expektorantien,Was bedeutet der medizinische Fachbegriff „Expektorantien“ in Umgangssprache?,auswurffördernde Mittel
fsp-stuttgart-108,FSP Stuttgart.docx,4,Medizinische Fachbegriffe FSP Stuttgart,Medizinische Fachbegriffe FSP Stuttgart,basic,1,Fachbegriff → Umgangssprache,exsikkiert,Was bedeutet der medizinische Fachbegriff „exsikkiert“ in Umgangssprache?,ausgetrocknet
fsp-stuttgart-109,FSP Stuttgart.docx,4,Medizinische Fachbegriffe FSP Stuttgart,Medizinische Fachbegriffe FSP Stuttgart,basic,2,Fachbegriff → Umgangssprache,Exsikkose,Was bedeutet der medizinische Fachbegriff „Exsikkose“ in Umgangssprache?,Austrocknung
fsp-stuttgart-110,FSP Stuttgart.docx,5,Medizinische Fachbegriffe FSP Stuttgart,Medizinische Fachbegriffe FSP Stuttgart,basic,1,Fachbegriff → Umgangssprache,Exstirpation,Was bedeutet der medizinische Fachbegriff „Exstirpation“ in Umgangssprache?,völlige Entfernung
fsp-stuttgart-111,FSP Stuttgart.docx,5,Medizinische Fachbegriffe FSP Stuttgart,Medizinische Fachbegriffe FSP Stuttgart,basic,1,Fachbegriff → Umgangssprache,Falx cerebri,Was bedeutet der medizinische Fachbegriff „Falx cerebri“ in Umgangssprache?,die größte Verdoppelung der Hirnhaut
fsp-stuttgart-112,FSP Stuttgart.docx,5,Medizinische Fachbegriffe FSP Stuttgart,Medizinische Fachbegriffe FSP Stuttgart,high-priority,6,Fachbegriff → Umgangssprache,Femur,Was bedeutet der medizinische Fachbegriff „Femur“ in Umgangssprache?,Oberschenkelknochen
fsp-stuttgart-113,FSP Stuttgart.docx,5,Medizinische Fachbegriffe FSP Stuttgart,Medizinische Fachbegriffe FSP Stuttgart,basic,1,Fachbegriff → Umgangssprache,Fibrose,Was bedeutet der medizinische Fachbegriff „Fibrose“ in Umgangssprache?,Vermehrung von Bindegewebe
fsp-stuttgart-114,FSP Stuttgart.docx,5,Medizinische Fachbegriffe FSP Stuttgart,Medizinische Fachbegriffe FSP Stuttgart,basic,2,Fachbegriff → Umgangssprache,Fibula,Was bedeutet der medizinische Fachbegriff „Fibula“ in Umgangssprache?,Wadenbein
fsp-stuttgart-115,FSP Stuttgart.docx,5,Medizinische Fachbegriffe FSP Stuttgart,Medizinische Fachbegriffe FSP Stuttgart,basic,1,Fachbegriff → Umgangssprache,Fissur,Was bedeutet der medizinische Fachbegriff „Fissur“ in Umgangssprache?,Riss
fsp-stuttgart-116,FSP Stuttgart.docx,5,Medizinische Fachbegriffe FSP Stuttgart,Medizinische Fachbegriffe FSP Stuttgart,basic,1,Fachbegriff → Umgangssprache,Flexion,Was bedeutet der medizinische Fachbegriff „Flexion“ in Umgangssprache?,Beugung
fsp-stuttgart-117,FSP Stuttgart.docx,5,Medizinische Fachbegriffe FSP Stuttgart,Medizinische Fachbegriffe FSP Stuttgart,basic,1,Fachbegriff → Umgangssprache,Flexur,Was bedeutet der medizinische Fachbegriff „Flexur“ in Umgangssprache?,Biegung
fsp-stuttgart-118,FSP Stuttgart.docx,5,Medizinische Fachbegriffe FSP Stuttgart,Medizinische Fachbegriffe FSP Stuttgart,basic,1,Fachbegriff → Umgangssprache,fluktuirend,Was bedeutet der medizinische Fachbegriff „fluktuirend“ in Umgangssprache?,(von abgekapselten Körperflüssigkeiten) hin und her schwappen
fsp-stuttgart-119,FSP Stuttgart.docx,5,Medizinische Fachbegriffe FSP Stuttgart,Medizinische Fachbegriffe FSP Stuttgart,basic,1,Fachbegriff → Umgangssprache,Fornix cerebri,Was bedeutet der medizinische Fachbegriff „Fornix cerebri“ in Umgangssprache?,eine Struktur des Limbischen Systems im Großhirn
fsp-stuttgart-120,FSP Stuttgart.docx,5,Medizinische Fachbegriffe FSP Stuttgart,Medizinische Fachbegriffe FSP Stuttgart,basic,1,Fachbegriff → Umgangssprache,Fraktur,Was bedeutet der medizinische Fachbegriff „Fraktur“ in Umgangssprache?,Knochenbruch
fsp-stuttgart-121,FSP Stuttgart.docx,5,Medizinische Fachbegriffe FSP Stuttgart,Medizinische Fachbegriffe FSP Stuttgart,basic,1,Fachbegriff → Umgangssprache,Gangrän,Was bedeutet der medizinische Fachbegriff „Gangrän“ in Umgangssprache?,Zerfall des Gewebes
fsp-stuttgart-122,FSP Stuttgart.docx,5,Medizinische Fachbegriffe FSP Stuttgart,Medizinische Fachbegriffe FSP Stuttgart,basic,2,Fachbegriff → Umgangssprache,genetisch,Was bedeutet der medizinische Fachbegriff „genetisch“ in Umgangssprache?,erblich
fsp-stuttgart-123,FSP Stuttgart.docx,5,Medizinische Fachbegriffe FSP Stuttgart,Medizinische Fachbegriffe FSP Stuttgart,basic,1,Fachbegriff → Umgangssprache,Genitalien (pl.),Was bedeutet der medizinische Fachbegriff „Genitalien (pl.)“ in Umgangssprache?,Geschlechtsorgane
fsp-stuttgart-124,FSP Stuttgart.docx,5,Medizinische Fachbegriffe FSP Stuttgart,Medizinische Fachbegriffe FSP Stuttgart,basic,1,Fachbegriff → Umgangssprache,Genu valgum,Was bedeutet der medizinische Fachbegriff „Genu valgum“ in Umgangssprache?,X-Bein
fsp-stuttgart-125,FSP Stuttgart.docx,5,Medizinische Fachbegriffe FSP Stuttgart,Medizinische Fachbegriffe FSP Stuttgart,basic,1,Fachbegriff → Umgangssprache,Gibbus,Was bedeutet der medizinische Fachbegriff „Gibbus“ in Umgangssprache?,Buckel
fsp-stuttgart-126,FSP Stuttgart.docx,5,Medizinische Fachbegriffe FSP Stuttgart,Medizinische Fachbegriffe FSP Stuttgart,basic,1,Fachbegriff → Umgangssprache,Glandula lacrimalis,Was bedeutet der medizinische Fachbegriff „Glandula lacrimalis“ in Umgangssprache?,Tränendrüse
fsp-stuttgart-127,FSP Stuttgart.docx,5,Medizinische Fachbegriffe FSP Stuttgart,Medizinische Fachbegriffe FSP Stuttgart,basic,1,Fachbegriff → Umgangssprache,Gravidität,Was bedeutet der medizinische Fachbegriff „Gravidität“ in Umgangssprache?,Schwangerschaft
fsp-stuttgart-128,FSP Stuttgart.docx,5,Medizinische Fachbegriffe FSP Stuttgart,Medizinische Fachbegriffe FSP Stuttgart,basic,2,Fachbegriff → Umgangssprache,Hallux valgus,Was bedeutet der medizinische Fachbegriff „Hallux valgus“ in Umgangssprache?,"Schiefstand des Großzehs, bei dem dieser in Richtung der kleinen Zehen abweicht"
fsp-stuttgart-129,FSP Stuttgart.docx,5,Medizinische Fachbegriffe FSP Stuttgart,Medizinische Fachbegriffe FSP Stuttgart,basic,2,Fachbegriff → Umgangssprache,Halluzination,Was bedeutet der medizinische Fachbegriff „Halluzination“ in Umgangssprache?,Sinnestäuschung
fsp-stuttgart-130,FSP Stuttgart.docx,5,Medizinische Fachbegriffe FSP Stuttgart,Medizinische Fachbegriffe FSP Stuttgart,basic,1,Fachbegriff → Umgangssprache,Hämatemesis,Was bedeutet der medizinische Fachbegriff „Hämatemesis“ in Umgangssprache?,Bluterbrechen
fsp-stuttgart-131,FSP Stuttgart.docx,5,Medizinische Fachbegriffe FSP Stuttgart,Medizinische Fachbegriffe FSP Stuttgart,basic,1,Fachbegriff → Umgangssprache,Hämatokolpos,Was bedeutet der medizinische Fachbegriff „Hämatokolpos“ in Umgangssprache?,Blutansammlung in der Scheide
fsp-stuttgart-132,FSP Stuttgart.docx,5,Medizinische Fachbegriffe FSP Stuttgart,Medizinische Fachbegriffe FSP Stuttgart,basic,1,Fachbegriff → Umgangssprache,Hämaturie,Was bedeutet der medizinische Fachbegriff „Hämaturie“ in Umgangssprache?,Beimengung von Blut im Urin
fsp-stuttgart-133,FSP Stuttgart.docx,5,Medizinische Fachbegriffe FSP Stuttgart,Medizinische Fachbegriffe FSP Stuttgart,high-priority,5,Fachbegriff → Umgangssprache,Hemikolektomie,Was bedeutet der medizinische Fachbegriff „Hemikolektomie“ in Umgangssprache?,operative Entfernung einer Dickdarmhälfte
fsp-stuttgart-134,FSP Stuttgart.docx,5,Medizinische Fachbegriffe FSP Stuttgart,Medizinische Fachbegriffe FSP Stuttgart,basic,1,Fachbegriff → Umgangssprache,Hepar,Was bedeutet der medizinische Fachbegriff „Hepar“ in Umgangssprache?,Leber
fsp-stuttgart-135,FSP Stuttgart.docx,5,Medizinische Fachbegriffe FSP Stuttgart,Medizinische Fachbegriffe FSP Stuttgart,basic,1,Fachbegriff → Umgangssprache,Hepatomegalie,Was bedeutet der medizinische Fachbegriff „Hepatomegalie“ in Umgangssprache?,Lebervergrößerung
fsp-stuttgart-136,FSP Stuttgart.docx,5,Medizinische Fachbegriffe FSP Stuttgart,Medizinische Fachbegriffe FSP Stuttgart,basic,1,Fachbegriff → Umgangssprache,Heredität,Was bedeutet der medizinische Fachbegriff „Heredität“ in Umgangssprache?,Erblichkeit
fsp-stuttgart-137,FSP Stuttgart.docx,5,Medizinische Fachbegriffe FSP Stuttgart,Medizinische Fachbegriffe FSP Stuttgart,basic,1,Fachbegriff → Umgangssprache,Hernie,Was bedeutet der medizinische Fachbegriff „Hernie“ in Umgangssprache?,Eingeweidebruch
fsp-stuttgart-138,FSP Stuttgart.docx,6,Medizinische Fachbegriffe FSP Stuttgart,Medizinische Fachbegriffe FSP Stuttgart,basic,1,Fachbegriff → Umgangssprache,Hydrops,Was bedeutet der medizinische Fachbegriff „Hydrops“ in Umgangssprache?,Flüssigkeitsansammlung in einer Körperhöhle
fsp-stuttgart-139,FSP Stuttgart.docx,6,Medizinische Fachbegriffe FSP Stuttgart,Medizinische Fachbegriffe FSP Stuttgart,basic,1,Fachbegriff → Umgangssprache,Hydrozephalus,Was bedeutet der medizinische Fachbegriff „Hydrozephalus“ in Umgangssprache?,Wasserkopf
fsp-stuttgart-140,FSP Stuttgart.docx,6,Medizinische Fachbegriffe FSP Stuttgart,Medizinische Fachbegriffe FSP Stuttgart,basic,2,Fachbegriff → Umgangssprache,Hygiene,Was bedeutet der medizinische Fachbegriff „Hygiene“ in Umgangssprache?,Gesundheitslehre
fsp-stuttgart-141,FSP Stuttgart.docx,6,Medizinische Fachbegriffe FSP Stuttgart,Medizinische Fachbegriffe FSP Stuttgart,basic,1,Fachbegriff → Umgangssprache,Hiperemesis gravidarum,Was bedeutet der medizinische Fachbegriff „Hiperemesis gravidarum“ in Umgangssprache?,unstillbares Schwangerschaftserbrechen
fsp-stuttgart-142,FSP Stuttgart.docx,6,Medizinische Fachbegriffe FSP Stuttgart,Medizinische Fachbegriffe FSP Stuttgart,basic,1,Fachbegriff → Umgangssprache,Hyperhidrose,Was bedeutet der medizinische Fachbegriff „Hyperhidrose“ in Umgangssprache?,krankhaft gesteigerte Schweißabsonderung
fsp-stuttgart-143,FSP Stuttgart.docx,6,Medizinische Fachbegriffe FSP Stuttgart,Medizinische Fachbegriffe FSP Stuttgart,basic,1,Fachbegriff → Umgangssprache,Hyperhidrosis,Was bedeutet der medizinische Fachbegriff „Hyperhidrosis“ in Umgangssprache?,krankhaft gesteigerte Schweißabsonderung
fsp-stuttgart-144,FSP Stuttgart.docx,6,Medizinische Fachbegriffe FSP Stuttgart,Medizinische Fachbegriffe FSP Stuttgart,basic,1,Fachbegriff → Umgangssprache,Hyperkeratose,Was bedeutet der medizinische Fachbegriff „Hyperkeratose“ in Umgangssprache?,Verdickung der Hornschicht der Haut
fsp-stuttgart-145,FSP Stuttgart.docx,6,Medizinische Fachbegriffe FSP Stuttgart,Medizinische Fachbegriffe FSP Stuttgart,basic,1,Fachbegriff → Umgangssprache,Hyperthyreose,Was bedeutet der medizinische Fachbegriff „Hyperthyreose“ in Umgangssprache?,Überfunktion der Schilddrüse
fsp-stuttgart-146,FSP Stuttgart.docx,6,Medizinische Fachbegriffe FSP Stuttgart,Medizinische Fachbegriffe FSP Stuttgart,basic,1,Fachbegriff → Umgangssprache,Hyposensibilisierung,Was bedeutet der medizinische Fachbegriff „Hyposensibilisierung“ in Umgangssprache?,Desensibilisierung
fsp-stuttgart-147,FSP Stuttgart.docx,6,Medizinische Fachbegriffe FSP Stuttgart,Medizinische Fachbegriffe FSP Stuttgart,basic,1,Fachbegriff → Umgangssprache,Hypothyreose,Was bedeutet der medizinische Fachbegriff „Hypothyreose“ in Umgangssprache?,Unterfunktion der Schilddrüse
fsp-stuttgart-148,FSP Stuttgart.docx,6,Medizinische Fachbegriffe FSP Stuttgart,Medizinische Fachbegriffe FSP Stuttgart,basic,1,Fachbegriff → Umgangssprache,i.m.,Was bedeutet der medizinische Fachbegriff „i.m.“ in Umgangssprache?,intramuskulär
fsp-stuttgart-149,FSP Stuttgart.docx,6,Medizinische Fachbegriffe FSP Stuttgart,Medizinische Fachbegriffe FSP Stuttgart,basic,1,Fachbegriff → Umgangssprache,imperative Miktion,Was bedeutet der medizinische Fachbegriff „imperative Miktion“ in Umgangssprache?,Harndrang
fsp-stuttgart-150,FSP Stuttgart.docx,6,Medizinische Fachbegriffe FSP Stuttgart,Medizinische Fachbegriffe FSP Stuttgart,basic,1,Fachbegriff → Umgangssprache,incompliance (engl.),Was bedeutet der medizinische Fachbegriff „incompliance (engl.)“ in Umgangssprache?,Nichtbeachtung
fsp-stuttgart-151,FSP Stuttgart.docx,6,Medizinische Fachbegriffe FSP Stuttgart,Medizinische Fachbegriffe FSP Stuttgart,basic,1,Fachbegriff → Umgangssprache,Indolenz,Was bedeutet der medizinische Fachbegriff „Indolenz“ in Umgangssprache?,"Schmerzlosigkeit, Gleichgültigkeit gegenüber Schmerzen"
fsp-stuttgart-152,FSP Stuttgart.docx,6,Medizinische Fachbegriffe FSP Stuttgart,Medizinische Fachbegriffe FSP Stuttgart,basic,1,Fachbegriff → Umgangssprache,Influenza,Was bedeutet der medizinische Fachbegriff „Influenza“ in Umgangssprache?,Grippe
fsp-stuttgart-153,FSP Stuttgart.docx,6,Medizinische Fachbegriffe FSP Stuttgart,Medizinische Fachbegriffe FSP Stuttgart,basic,1,Fachbegriff → Umgangssprache,Inhalation,Was bedeutet der medizinische Fachbegriff „Inhalation“ in Umgangssprache?,Einatmung von Heilmitteln (in Form von Dämpfen)
fsp-stuttgart-154,FSP Stuttgart.docx,6,Medizinische Fachbegriffe FSP Stuttgart,Medizinische Fachbegriffe FSP Stuttgart,basic,1,Fachbegriff → Umgangssprache,Inkontinenz,Was bedeutet der medizinische Fachbegriff „Inkontinenz“ in Umgangssprache?,"Unfähigkeit, Harn oder Stuhl zurückzuhalten"
fsp-stuttgart-155,FSP Stuttgart.docx,6,Medizinische Fachbegriffe FSP Stuttgart,Medizinische Fachbegriffe FSP Stuttgart,basic,2,Fachbegriff → Umgangssprache,Interkostalneuralgie,Was bedeutet der medizinische Fachbegriff „Interkostalneuralgie“ in Umgangssprache?,Schmerzen im Bereich der Zwischenrippennerven
fsp-stuttgart-156,FSP Stuttgart.docx,6,Medizinische Fachbegriffe FSP Stuttgart,Medizinische Fachbegriffe FSP Stuttgart,basic,1,Fachbegriff → Umgangssprache,Inzidenz,Was bedeutet der medizinische Fachbegriff „Inzidenz“ in Umgangssprache?,Anzahl der Neuerkrankungen
fsp-stuttgart-157,FSP Stuttgart.docx,6,Medizinische Fachbegriffe FSP Stuttgart,Medizinische Fachbegriffe FSP Stuttgart,basic,1,Fachbegriff → Umgangssprache,irreversibel,Was bedeutet der medizinische Fachbegriff „irreversibel“ in Umgangssprache?,nicht umkehrbar
fsp-stuttgart-158,FSP Stuttgart.docx,6,Medizinische Fachbegriffe FSP Stuttgart,Medizinische Fachbegriffe FSP Stuttgart,basic,1,Fachbegriff → Umgangssprache,Jejunitis,Was bedeutet der medizinische Fachbegriff „Jejunitis“ in Umgangssprache?,Entzündung des Leerdarms
fsp-stuttgart-159,FSP Stuttgart.docx,6,Medizinische Fachbegriffe FSP Stuttgart,Medizinische Fachbegriffe FSP Stuttgart,basic,1,Fachbegriff → Umgangssprache,Kachexie,Was bedeutet der medizinische Fachbegriff „Kachexie“ in Umgangssprache?,starke Abmagerung mit Kräfteverfall
fsp-stuttgart-160,FSP Stuttgart.docx,6,Medizinische Fachbegriffe FSP Stuttgart,Medizinische Fachbegriffe FSP Stuttgart,basic,2,Fachbegriff → Umgangssprache,Kardiomegalie,Was bedeutet der medizinische Fachbegriff „Kardiomegalie“ in Umgangssprache?,Herzvergrößerung
fsp-stuttgart-161,FSP Stuttgart.docx,6,Medizinische Fachbegriffe FSP Stuttgart,Medizinische Fachbegriffe FSP Stuttgart,medium,4,Fachbegriff → Umgangssprache,Katarakt,Was bedeutet der medizinische Fachbegriff „Katarakt“ in Umgangssprache?,grauer Star
fsp-stuttgart-162,FSP Stuttgart.docx,6,Medizinische Fachbegriffe FSP Stuttgart,Medizinische Fachbegriffe FSP Stuttgart,basic,1,Fachbegriff → Umgangssprache,kaudal,Was bedeutet der medizinische Fachbegriff „kaudal“ in Umgangssprache?,steißwärts
fsp-stuttgart-163,FSP Stuttgart.docx,6,Medizinische Fachbegriffe FSP Stuttgart,Medizinische Fachbegriffe FSP Stuttgart,medium,3,Fachbegriff → Umgangssprache,Kolektomie,Was bedeutet der medizinische Fachbegriff „Kolektomie“ in Umgangssprache?,operative Dickdarmentfernung
fsp-stuttgart-164,FSP Stuttgart.docx,6,Medizinische Fachbegriffe FSP Stuttgart,Medizinische Fachbegriffe FSP Stuttgart,basic,1,Fachbegriff → Umgangssprache,Kolpitis,Was bedeutet der medizinische Fachbegriff „Kolpitis“ in Umgangssprache?,Scheidenentzündung
fsp-stuttgart-165,FSP Stuttgart.docx,6,Medizinische Fachbegriffe FSP Stuttgart,Medizinische Fachbegriffe FSP Stuttgart,basic,1,Fachbegriff → Umgangssprache,Kolonoskopie,Was bedeutet der medizinische Fachbegriff „Kolonoskopie“ in Umgangssprache?,Darmspiegelung
fsp-stuttgart-166,FSP Stuttgart.docx,6,Medizinische Fachbegriffe FSP Stuttgart,Medizinische Fachbegriffe FSP Stuttgart,medium,4,Fachbegriff → Umgangssprache,Kontamination,Was bedeutet der medizinische Fachbegriff „Kontamination“ in Umgangssprache?,Verunreinigung
fsp-stuttgart-167,FSP Stuttgart.docx,6,Medizinische Fachbegriffe FSP Stuttgart,Medizinische Fachbegriffe FSP Stuttgart,basic,1,Fachbegriff → Umgangssprache,Koronararterienstenose,Was bedeutet der medizinische Fachbegriff „Koronararterienstenose“ in Umgangssprache?,Gefäßverengung der Herzkranzgefäße
fsp-stuttgart-168,FSP Stuttgart.docx,7,Medizinische Fachbegriffe FSP Stuttgart,Medizinische Fachbegriffe FSP Stuttgart,basic,1,Fachbegriff → Umgangssprache,kranial,Was bedeutet der medizinische Fachbegriff „kranial“ in Umgangssprache?,zum Kopf gehörig
fsp-stuttgart-169,FSP Stuttgart.docx,7,Medizinische Fachbegriffe FSP Stuttgart,Medizinische Fachbegriffe FSP Stuttgart,medium,3,Fachbegriff → Umgangssprache,kurativ,Was bedeutet der medizinische Fachbegriff „kurativ“ in Umgangssprache?,heilend
fsp-stuttgart-170,FSP Stuttgart.docx,7,Medizinische Fachbegriffe FSP Stuttgart,Medizinische Fachbegriffe FSP Stuttgart,basic,1,Fachbegriff → Umgangssprache,Läsion,Was bedeutet der medizinische Fachbegriff „Läsion“ in Umgangssprache?,Verletzung; Schädigung
fsp-stuttgart-171,FSP Stuttgart.docx,7,Medizinische Fachbegriffe FSP Stuttgart,Medizinische Fachbegriffe FSP Stuttgart,basic,1,Fachbegriff → Umgangssprache,letal,Was bedeutet der medizinische Fachbegriff „letal“ in Umgangssprache?,tödlich
fsp-stuttgart-172,FSP Stuttgart.docx,7,Medizinische Fachbegriffe FSP Stuttgart,Medizinische Fachbegriffe FSP Stuttgart,basic,1,Fachbegriff → Umgangssprache,Letalität,Was bedeutet der medizinische Fachbegriff „Letalität“ in Umgangssprache?,Tödlichkeit einer Erkrankung
fsp-stuttgart-173,FSP Stuttgart.docx,7,Medizinische Fachbegriffe FSP Stuttgart,Medizinische Fachbegriffe FSP Stuttgart,medium,4,Fachbegriff → Umgangssprache,Lipom,Was bedeutet der medizinische Fachbegriff „Lipom“ in Umgangssprache?,gutartige Fettgeschwulst
fsp-stuttgart-174,FSP Stuttgart.docx,7,Medizinische Fachbegriffe FSP Stuttgart,Medizinische Fachbegriffe FSP Stuttgart,basic,2,Fachbegriff → Umgangssprache,liquid,Was bedeutet der medizinische Fachbegriff „liquid“ in Umgangssprache?,flüssig
fsp-stuttgart-175,FSP Stuttgart.docx,7,Medizinische Fachbegriffe FSP Stuttgart,Medizinische Fachbegriffe FSP Stuttgart,basic,1,Fachbegriff → Umgangssprache,livoris,Was bedeutet der medizinische Fachbegriff „livoris“ in Umgangssprache?,Leichenblässe
fsp-stuttgart-176,FSP Stuttgart.docx,7,Medizinische Fachbegriffe FSP Stuttgart,Medizinische Fachbegriffe FSP Stuttgart,basic,1,Fachbegriff → Umgangssprache,Lumbago,Was bedeutet der medizinische Fachbegriff „Lumbago“ in Umgangssprache?,Hexenschuss
fsp-stuttgart-177,FSP Stuttgart.docx,7,Medizinische Fachbegriffe FSP Stuttgart,Medizinische Fachbegriffe FSP Stuttgart,basic,1,Fachbegriff → Umgangssprache,Lungenembolie,Was bedeutet der medizinische Fachbegriff „Lungenembolie“ in Umgangssprache?,Verschluss einer Lungenarterie durch Blutgerinnsel
fsp-stuttgart-178,FSP Stuttgart.docx,7,Medizinische Fachbegriffe FSP Stuttgart,Medizinische Fachbegriffe FSP Stuttgart,basic,1,Fachbegriff → Umgangssprache,Makula,Was bedeutet der medizinische Fachbegriff „Makula“ in Umgangssprache?,gelber Fleck
fsp-stuttgart-179,FSP Stuttgart.docx,7,Medizinische Fachbegriffe FSP Stuttgart,Medizinische Fachbegriffe FSP Stuttgart,medium,3,Fachbegriff → Umgangssprache,maligne,Was bedeutet der medizinische Fachbegriff „maligne“ in Umgangssprache?,bösartig
fsp-stuttgart-180,FSP Stuttgart.docx,7,Medizinische Fachbegriffe FSP Stuttgart,Medizinische Fachbegriffe FSP Stuttgart,medium,4,Fachbegriff → Umgangssprache,Meläna,Was bedeutet der medizinische Fachbegriff „Meläna“ in Umgangssprache?,durch Blut schwarz gefärbter Stuhl
fsp-stuttgart-181,FSP Stuttgart.docx,7,Medizinische Fachbegriffe FSP Stuttgart,Medizinische Fachbegriffe FSP Stuttgart,medium,3,Fachbegriff → Umgangssprache,Meningitis,Was bedeutet der medizinische Fachbegriff „Meningitis“ in Umgangssprache?,Hirnhautentzündung
fsp-stuttgart-182,FSP Stuttgart.docx,7,Medizinische Fachbegriffe FSP Stuttgart,Medizinische Fachbegriffe FSP Stuttgart,basic,1,Fachbegriff → Umgangssprache,Metabolismus,Was bedeutet der medizinische Fachbegriff „Metabolismus“ in Umgangssprache?,Stoffwechsel
fsp-stuttgart-183,FSP Stuttgart.docx,7,Medizinische Fachbegriffe FSP Stuttgart,Medizinische Fachbegriffe FSP Stuttgart,basic,1,Fachbegriff → Umgangssprache,Meteorismus,Was bedeutet der medizinische Fachbegriff „Meteorismus“ in Umgangssprache?,übermäßige Gasansammlung im Darm
fsp-stuttgart-184,FSP Stuttgart.docx,7,Medizinische Fachbegriffe FSP Stuttgart,Medizinische Fachbegriffe FSP Stuttgart,basic,1,Fachbegriff → Umgangssprache,Mykose,Was bedeutet der medizinische Fachbegriff „Mykose“ in Umgangssprache?,Pilzerkrankung
fsp-stuttgart-185,FSP Stuttgart.docx,7,Medizinische Fachbegriffe FSP Stuttgart,Medizinische Fachbegriffe FSP Stuttgart,basic,1,Fachbegriff → Umgangssprache,Myopie,Was bedeutet der medizinische Fachbegriff „Myopie“ in Umgangssprache?,Kurzsichtigkeit
fsp-stuttgart-186,FSP Stuttgart.docx,7,Medizinische Fachbegriffe FSP Stuttgart,Medizinische Fachbegriffe FSP Stuttgart,basic,2,Fachbegriff → Umgangssprache,Nephrektomie,Was bedeutet der medizinische Fachbegriff „Nephrektomie“ in Umgangssprache?,operative Entfernung einer Niere
fsp-stuttgart-187,FSP Stuttgart.docx,7,Medizinische Fachbegriffe FSP Stuttgart,Medizinische Fachbegriffe FSP Stuttgart,basic,2,Fachbegriff → Umgangssprache,nosokomial,Was bedeutet der medizinische Fachbegriff „nosokomial“ in Umgangssprache?,das Krankenhaus betreffend
fsp-stuttgart-188,FSP Stuttgart.docx,7,Medizinische Fachbegriffe FSP Stuttgart,Medizinische Fachbegriffe FSP Stuttgart,basic,2,Fachbegriff → Umgangssprache,Nucleus,Was bedeutet der medizinische Fachbegriff „Nucleus“ in Umgangssprache?,Kern
fsp-stuttgart-189,FSP Stuttgart.docx,7,Medizinische Fachbegriffe FSP Stuttgart,Medizinische Fachbegriffe FSP Stuttgart,basic,2,Fachbegriff → Umgangssprache,Obstipation,Was bedeutet der medizinische Fachbegriff „Obstipation“ in Umgangssprache?,Verstopfung
fsp-stuttgart-190,FSP Stuttgart.docx,7,Medizinische Fachbegriffe FSP Stuttgart,Medizinische Fachbegriffe FSP Stuttgart,basic,1,Fachbegriff → Umgangssprache,okzipital,Was bedeutet der medizinische Fachbegriff „okzipital“ in Umgangssprache?,zum Hinterhaupt gehörend
fsp-stuttgart-191,FSP Stuttgart.docx,7,Medizinische Fachbegriffe FSP Stuttgart,Medizinische Fachbegriffe FSP Stuttgart,basic,2,Fachbegriff → Umgangssprache,Ophthalmoplegia,Was bedeutet der medizinische Fachbegriff „Ophthalmoplegia“ in Umgangssprache?,Augenmuskellähmung
fsp-stuttgart-192,FSP Stuttgart.docx,7,Medizinische Fachbegriffe FSP Stuttgart,Medizinische Fachbegriffe FSP Stuttgart,basic,2,Fachbegriff → Umgangssprache,os carpi,Was bedeutet der medizinische Fachbegriff „os carpi“ in Umgangssprache?,Handwurzelknochen
fsp-stuttgart-193,FSP Stuttgart.docx,7,Medizinische Fachbegriffe FSP Stuttgart,Medizinische Fachbegriffe FSP Stuttgart,basic,1,Fachbegriff → Umgangssprache,Os coccyx,Was bedeutet der medizinische Fachbegriff „Os coccyx“ in Umgangssprache?,Steißbein
fsp-stuttgart-194,FSP Stuttgart.docx,7,Medizinische Fachbegriffe FSP Stuttgart,Medizinische Fachbegriffe FSP Stuttgart,basic,1,Fachbegriff → Umgangssprache,Os ilium,Was bedeutet der medizinische Fachbegriff „Os ilium“ in Umgangssprache?,Darmbein
fsp-stuttgart-195,FSP Stuttgart.docx,7,Medizinische Fachbegriffe FSP Stuttgart,Medizinische Fachbegriffe FSP Stuttgart,basic,1,Fachbegriff → Umgangssprache,Ösophago-Gastro- Duodenoskopie (ÖGD),Was bedeutet der medizinische Fachbegriff „Ösophago-Gastro- Duodenoskopie (ÖGD)“ in Umgangssprache?,Magenspiegelung
fsp-stuttgart-196,FSP Stuttgart.docx,7,Medizinische Fachbegriffe FSP Stuttgart,Medizinische Fachbegriffe FSP Stuttgart,basic,2,Fachbegriff → Umgangssprache,Ösophagus,Was bedeutet der medizinische Fachbegriff „Ösophagus“ in Umgangssprache?,Speiseröhre
fsp-stuttgart-197,FSP Stuttgart.docx,8,Medizinische Fachbegriffe FSP Stuttgart,Medizinische Fachbegriffe FSP Stuttgart,basic,2,Fachbegriff → Umgangssprache,Os pubis,Was bedeutet der medizinische Fachbegriff „Os pubis“ in Umgangssprache?,Schambein
fsp-stuttgart-198,FSP Stuttgart.docx,8,Medizinische Fachbegriffe FSP Stuttgart,Medizinische Fachbegriffe FSP Stuttgart,basic,2,Fachbegriff → Umgangssprache,Ossa,Was bedeutet der medizinische Fachbegriff „Ossa“ in Umgangssprache?,Knochen
fsp-stuttgart-199,FSP Stuttgart.docx,8,Medizinische Fachbegriffe FSP Stuttgart,Medizinische Fachbegriffe FSP Stuttgart,basic,1,Fachbegriff → Umgangssprache,Os tarsi,Was bedeutet der medizinische Fachbegriff „Os tarsi“ in Umgangssprache?,Fußwurzelknochen
fsp-stuttgart-200,FSP Stuttgart.docx,8,Medizinische Fachbegriffe FSP Stuttgart,Medizinische Fachbegriffe FSP Stuttgart,basic,2,Fachbegriff → Umgangssprache,Osteoporose,Was bedeutet der medizinische Fachbegriff „Osteoporose“ in Umgangssprache?,Knochenschwund
fsp-stuttgart-201,FSP Stuttgart.docx,8,Medizinische Fachbegriffe FSP Stuttgart,Medizinische Fachbegriffe FSP Stuttgart,basic,1,Fachbegriff → Umgangssprache,Osteosynthese,Was bedeutet der medizinische Fachbegriff „Osteosynthese“ in Umgangssprache?,operatives Zusammenfügen von Knochenbruchstücken
fsp-stuttgart-202,FSP Stuttgart.docx,8,Medizinische Fachbegriffe FSP Stuttgart,Medizinische Fachbegriffe FSP Stuttgart,basic,1,Fachbegriff → Umgangssprache,Otitis,Was bedeutet der medizinische Fachbegriff „Otitis“ in Umgangssprache?,Ohrenentzündung
fsp-stuttgart-203,FSP Stuttgart.docx,8,Medizinische Fachbegriffe FSP Stuttgart,Medizinische Fachbegriffe FSP Stuttgart,basic,1,Fachbegriff → Umgangssprache,palliativ,Was bedeutet der medizinische Fachbegriff „palliativ“ in Umgangssprache?,lindernd (ohne zu heilen)
fsp-stuttgart-204,FSP Stuttgart.docx,8,Medizinische Fachbegriffe FSP Stuttgart,Medizinische Fachbegriffe FSP Stuttgart,basic,1,Fachbegriff → Umgangssprache,palmar,Was bedeutet der medizinische Fachbegriff „palmar“ in Umgangssprache?,handflächenseitig
fsp-stuttgart-205,FSP Stuttgart.docx,8,Medizinische Fachbegriffe FSP Stuttgart,Medizinische Fachbegriffe FSP Stuttgart,basic,1,Fachbegriff → Umgangssprache,Palpation,Was bedeutet der medizinische Fachbegriff „Palpation“ in Umgangssprache?,Untersuchung durch Betasten
fsp-stuttgart-206,FSP Stuttgart.docx,8,Medizinische Fachbegriffe FSP Stuttgart,Medizinische Fachbegriffe FSP Stuttgart,basic,1,Fachbegriff → Umgangssprache,Pankreas,Was bedeutet der medizinische Fachbegriff „Pankreas“ in Umgangssprache?,Bauchspeicheldrüse
fsp-stuttgart-207,FSP Stuttgart.docx,8,Medizinische Fachbegriffe FSP Stuttgart,Medizinische Fachbegriffe FSP Stuttgart,medium,3,Fachbegriff → Umgangssprache,Parkinson,Was bedeutet der medizinische Fachbegriff „Parkinson“ in Umgangssprache?,"Schüttellähmung, Zitterlähmung"
fsp-stuttgart-208,FSP Stuttgart.docx,8,Medizinische Fachbegriffe FSP Stuttgart,Medizinische Fachbegriffe FSP Stuttgart,basic,1,Fachbegriff → Umgangssprache,pCO2,Was bedeutet der medizinische Fachbegriff „pCO2“ in Umgangssprache?,Kohlendioxid-Partialdruck
fsp-stuttgart-209,FSP Stuttgart.docx,8,Medizinische Fachbegriffe FSP Stuttgart,Medizinische Fachbegriffe FSP Stuttgart,basic,2,Fachbegriff → Umgangssprache,Perforation,Was bedeutet der medizinische Fachbegriff „Perforation“ in Umgangssprache?,Durchbruch
fsp-stuttgart-210,FSP Stuttgart.docx,8,Medizinische Fachbegriffe FSP Stuttgart,Medizinische Fachbegriffe FSP Stuttgart,basic,1,Fachbegriff → Umgangssprache,perkussorisch,Was bedeutet der medizinische Fachbegriff „perkussorisch“ in Umgangssprache?,durch Perkussion nachweisbar
fsp-stuttgart-211,FSP Stuttgart.docx,8,Medizinische Fachbegriffe FSP Stuttgart,Medizinische Fachbegriffe FSP Stuttgart,basic,2,Fachbegriff → Umgangssprache,Pertrochantäre Femurfraktur,Was bedeutet der medizinische Fachbegriff „Pertrochantäre Femurfraktur“ in Umgangssprache?,Knochenbruch der Oberseite des Oberschenkelknochens
fsp-stuttgart-212,FSP Stuttgart.docx,8,Medizinische Fachbegriffe FSP Stuttgart,Medizinische Fachbegriffe FSP Stuttgart,basic,1,Fachbegriff → Umgangssprache,Pharyngitis,Was bedeutet der medizinische Fachbegriff „Pharyngitis“ in Umgangssprache?,Rachenentzündung
fsp-stuttgart-213,FSP Stuttgart.docx,8,Medizinische Fachbegriffe FSP Stuttgart,Medizinische Fachbegriffe FSP Stuttgart,basic,1,Fachbegriff → Umgangssprache,Pharynx,Was bedeutet der medizinische Fachbegriff „Pharynx“ in Umgangssprache?,Rachen
fsp-stuttgart-214,FSP Stuttgart.docx,8,Medizinische Fachbegriffe FSP Stuttgart,Medizinische Fachbegriffe FSP Stuttgart,basic,1,Fachbegriff → Umgangssprache,Phobie,Was bedeutet der medizinische Fachbegriff „Phobie“ in Umgangssprache?,Zwangsangst (z. B. Platzangst)
fsp-stuttgart-215,FSP Stuttgart.docx,8,Medizinische Fachbegriffe FSP Stuttgart,Medizinische Fachbegriffe FSP Stuttgart,basic,1,Fachbegriff → Umgangssprache,Placebo,Was bedeutet der medizinische Fachbegriff „Placebo“ in Umgangssprache?,Scheinmedikament ohne Wirkstoffe
fsp-stuttgart-216,FSP Stuttgart.docx,8,Medizinische Fachbegriffe FSP Stuttgart,Medizinische Fachbegriffe FSP Stuttgart,basic,1,Fachbegriff → Umgangssprache,Plazenta,Was bedeutet der medizinische Fachbegriff „Plazenta“ in Umgangssprache?,Mutterkuchen
fsp-stuttgart-217,FSP Stuttgart.docx,8,Medizinische Fachbegriffe FSP Stuttgart,Medizinische Fachbegriffe FSP Stuttgart,basic,1,Fachbegriff → Umgangssprache,Pleuritis,Was bedeutet der medizinische Fachbegriff „Pleuritis“ in Umgangssprache?,"Rippenfellentzündung, Brustfellentzündung"
fsp-stuttgart-218,FSP Stuttgart.docx,8,Medizinische Fachbegriffe FSP Stuttgart,Medizinische Fachbegriffe FSP Stuttgart,basic,1,Fachbegriff → Umgangssprache,Pneumonektomie,Was bedeutet der medizinische Fachbegriff „Pneumonektomie“ in Umgangssprache?,Operative Entfernung eines Lungenflügels
fsp-stuttgart-219,FSP Stuttgart.docx,8,Medizinische Fachbegriffe FSP Stuttgart,Medizinische Fachbegriffe FSP Stuttgart,basic,1,Fachbegriff → Umgangssprache,Pneumonie,Was bedeutet der medizinische Fachbegriff „Pneumonie“ in Umgangssprache?,Lungenentzündung
fsp-stuttgart-220,FSP Stuttgart.docx,8,Medizinische Fachbegriffe FSP Stuttgart,Medizinische Fachbegriffe FSP Stuttgart,basic,1,Fachbegriff → Umgangssprache,Pneumothorax,Was bedeutet der medizinische Fachbegriff „Pneumothorax“ in Umgangssprache?,Ansammlung von Luft im Pleuraspalt
fsp-stuttgart-221,FSP Stuttgart.docx,8,Medizinische Fachbegriffe FSP Stuttgart,Medizinische Fachbegriffe FSP Stuttgart,basic,1,Fachbegriff → Umgangssprache,Pollinose,Was bedeutet der medizinische Fachbegriff „Pollinose“ in Umgangssprache?,Heuschnupfen
fsp-stuttgart-222,FSP Stuttgart.docx,8,Medizinische Fachbegriffe FSP Stuttgart,Medizinische Fachbegriffe FSP Stuttgart,basic,1,Fachbegriff → Umgangssprache,Präfinal,Was bedeutet der medizinische Fachbegriff „Präfinal“ in Umgangssprache?,kurz vor dem Tod
fsp-stuttgart-223,FSP Stuttgart.docx,8,Medizinische Fachbegriffe FSP Stuttgart,Medizinische Fachbegriffe FSP Stuttgart,basic,1,Fachbegriff → Umgangssprache,präventiv,Was bedeutet der medizinische Fachbegriff „präventiv“ in Umgangssprache?,vorbeugend
fsp-stuttgart-224,FSP Stuttgart.docx,8,Medizinische Fachbegriffe FSP Stuttgart,Medizinische Fachbegriffe FSP Stuttgart,basic,2,Fachbegriff → Umgangssprache,Prolaps,Was bedeutet der medizinische Fachbegriff „Prolaps“ in Umgangssprache?,"Vorfall, Heraustreten von inneren Organen"
fsp-stuttgart-225,FSP Stuttgart.docx,8,Medizinische Fachbegriffe FSP Stuttgart,Medizinische Fachbegriffe FSP Stuttgart,basic,1,Fachbegriff → Umgangssprache,Psoriasis,Was bedeutet der medizinische Fachbegriff „Psoriasis“ in Umgangssprache?,Schuppenflechte
fsp-stuttgart-226,FSP Stuttgart.docx,9,Medizinische Fachbegriffe FSP Stuttgart,Medizinische Fachbegriffe FSP Stuttgart,basic,1,Fachbegriff → Umgangssprache,Pulmo,Was bedeutet der medizinische Fachbegriff „Pulmo“ in Umgangssprache?,Lunge
fsp-stuttgart-227,FSP Stuttgart.docx,9,Medizinische Fachbegriffe FSP Stuttgart,Medizinische Fachbegriffe FSP Stuttgart,basic,1,Fachbegriff → Umgangssprache,Pus,Was bedeutet der medizinische Fachbegriff „Pus“ in Umgangssprache?,Eiter
fsp-stuttgart-228,FSP Stuttgart.docx,9,Medizinische Fachbegriffe FSP Stuttgart,Medizinische Fachbegriffe FSP Stuttgart,basic,1,Fachbegriff → Umgangssprache,radial,Was bedeutet der medizinische Fachbegriff „radial“ in Umgangssprache?,auf den Radius bezogen
fsp-stuttgart-229,FSP Stuttgart.docx,9,Medizinische Fachbegriffe FSP Stuttgart,Medizinische Fachbegriffe FSP Stuttgart,basic,1,Fachbegriff → Umgangssprache,radialis,Was bedeutet der medizinische Fachbegriff „radialis“ in Umgangssprache?,zur Speiche (Radius) gehörend
fsp-stuttgart-230,FSP Stuttgart.docx,9,Medizinische Fachbegriffe FSP Stuttgart,Medizinische Fachbegriffe FSP Stuttgart,basic,2,Fachbegriff → Umgangssprache,Radiatus,Was bedeutet der medizinische Fachbegriff „Radiatus“ in Umgangssprache?,Speiche
fsp-stuttgart-231,FSP Stuttgart.docx,9,Medizinische Fachbegriffe FSP Stuttgart,Medizinische Fachbegriffe FSP Stuttgart,medium,3,Fachbegriff → Umgangssprache,Reflux,Was bedeutet der medizinische Fachbegriff „Reflux“ in Umgangssprache?,Rückfluss
fsp-stuttgart-232,FSP Stuttgart.docx,9,Medizinische Fachbegriffe FSP Stuttgart,Medizinische Fachbegriffe FSP Stuttgart,basic,2,Fachbegriff → Umgangssprache,Rektumexstirpation,Was bedeutet der medizinische Fachbegriff „Rektumexstirpation“ in Umgangssprache?,chirurgische Entfernung des Mastdarmes
fsp-stuttgart-233,FSP Stuttgart.docx,9,Medizinische Fachbegriffe FSP Stuttgart,Medizinische Fachbegriffe FSP Stuttgart,basic,1,Fachbegriff → Umgangssprache,Resektion,Was bedeutet der medizinische Fachbegriff „Resektion“ in Umgangssprache?,operative Entfernung eines Organs
fsp-stuttgart-234,FSP Stuttgart.docx,9,Medizinische Fachbegriffe FSP Stuttgart,Medizinische Fachbegriffe FSP Stuttgart,basic,1,Fachbegriff → Umgangssprache,Ablatio retinae,Was bedeutet der medizinische Fachbegriff „Ablatio retinae“ in Umgangssprache?,Netzhautablösung
fsp-stuttgart-235,FSP Stuttgart.docx,9,Medizinische Fachbegriffe FSP Stuttgart,Medizinische Fachbegriffe FSP Stuttgart,basic,1,Fachbegriff → Umgangssprache,Rh Inkompatibilität,Was bedeutet der medizinische Fachbegriff „Rh Inkompatibilität“ in Umgangssprache?,Blutgruppeninkompatibilität
fsp-stuttgart-236,FSP Stuttgart.docx,9,Medizinische Fachbegriffe FSP Stuttgart,Medizinische Fachbegriffe FSP Stuttgart,basic,1,Fachbegriff → Umgangssprache,Sinusitis frontalis,Was bedeutet der medizinische Fachbegriff „Sinusitis frontalis“ in Umgangssprache?,Nasennebenhöhlenentzündung
fsp-stuttgart-237,FSP Stuttgart.docx,9,Medizinische Fachbegriffe FSP Stuttgart,Medizinische Fachbegriffe FSP Stuttgart,basic,1,Fachbegriff → Umgangssprache,Sperma,Was bedeutet der medizinische Fachbegriff „Sperma“ in Umgangssprache?,Samenflüssigkeit
fsp-stuttgart-238,FSP Stuttgart.docx,9,Medizinische Fachbegriffe FSP Stuttgart,Medizinische Fachbegriffe FSP Stuttgart,basic,1,Fachbegriff → Umgangssprache,Spondylitis,Was bedeutet der medizinische Fachbegriff „Spondylitis“ in Umgangssprache?,Wirbelentzündung
fsp-stuttgart-239,FSP Stuttgart.docx,9,Medizinische Fachbegriffe FSP Stuttgart,Medizinische Fachbegriffe FSP Stuttgart,basic,2,Fachbegriff → Umgangssprache,Stauungsdermatitis,Was bedeutet der medizinische Fachbegriff „Stauungsdermatitis“ in Umgangssprache?,Entzündung der Haut an den Unterschenkeln durch Stauung von Blut und Flüssigkeit
fsp-stuttgart-240,FSP Stuttgart.docx,9,Medizinische Fachbegriffe FSP Stuttgart,Medizinische Fachbegriffe FSP Stuttgart,basic,1,Fachbegriff → Umgangssprache,Sterilität (poly.),Was bedeutet der medizinische Fachbegriff „Sterilität (poly.)“ in Umgangssprache?,1. Keimfreiheit 2. Unfruchtbarkeit
fsp-stuttgart-241,FSP Stuttgart.docx,9,Medizinische Fachbegriffe FSP Stuttgart,Medizinische Fachbegriffe FSP Stuttgart,basic,1,Fachbegriff → Umgangssprache,Strabismus,Was bedeutet der medizinische Fachbegriff „Strabismus“ in Umgangssprache?,Schielen
fsp-stuttgart-242,FSP Stuttgart.docx,9,Medizinische Fachbegriffe FSP Stuttgart,Medizinische Fachbegriffe FSP Stuttgart,basic,1,Fachbegriff → Umgangssprache,Struma nodosa,Was bedeutet der medizinische Fachbegriff „Struma nodosa“ in Umgangssprache?,"Kropf, Schilddrüsenvergrößerung"
fsp-stuttgart-243,FSP Stuttgart.docx,9,Medizinische Fachbegriffe FSP Stuttgart,Medizinische Fachbegriffe FSP Stuttgart,basic,1,Fachbegriff → Umgangssprache,Subcutis,Was bedeutet der medizinische Fachbegriff „Subcutis“ in Umgangssprache?,Unterhautfettgewebe
fsp-stuttgart-244,FSP Stuttgart.docx,9,Medizinische Fachbegriffe FSP Stuttgart,Medizinische Fachbegriffe FSP Stuttgart,basic,1,Fachbegriff → Umgangssprache,Subluxation,Was bedeutet der medizinische Fachbegriff „Subluxation“ in Umgangssprache?,unvollständige Verrenkung
fsp-stuttgart-245,FSP Stuttgart.docx,9,Medizinische Fachbegriffe FSP Stuttgart,Medizinische Fachbegriffe FSP Stuttgart,basic,2,Fachbegriff → Umgangssprache,Sugillation,Was bedeutet der medizinische Fachbegriff „Sugillation“ in Umgangssprache?,oberflächlicher Bluterguss
fsp-stuttgart-246,FSP Stuttgart.docx,9,Medizinische Fachbegriffe FSP Stuttgart,Medizinische Fachbegriffe FSP Stuttgart,high-priority,6,Fachbegriff → Umgangssprache,Supination,Was bedeutet der medizinische Fachbegriff „Supination“ in Umgangssprache?,Auswärtsdrehung von Hand und Fuß
fsp-stuttgart-247,FSP Stuttgart.docx,9,Medizinische Fachbegriffe FSP Stuttgart,Medizinische Fachbegriffe FSP Stuttgart,basic,1,Fachbegriff → Umgangssprache,Sympathikolyse,Was bedeutet der medizinische Fachbegriff „Sympathikolyse“ in Umgangssprache?,Ausschaltung der sympathischen Innervierung
fsp-stuttgart-248,FSP Stuttgart.docx,9,Medizinische Fachbegriffe FSP Stuttgart,Medizinische Fachbegriffe FSP Stuttgart,basic,1,Fachbegriff → Umgangssprache,Synkope,Was bedeutet der medizinische Fachbegriff „Synkope“ in Umgangssprache?,kurze Bewusstlosigkeit
fsp-stuttgart-249,FSP Stuttgart.docx,9,Medizinische Fachbegriffe FSP Stuttgart,Medizinische Fachbegriffe FSP Stuttgart,basic,1,Fachbegriff → Umgangssprache,terminal,Was bedeutet der medizinische Fachbegriff „terminal“ in Umgangssprache?,"final, das Ende betreffend"
fsp-stuttgart-250,FSP Stuttgart.docx,9,Medizinische Fachbegriffe FSP Stuttgart,Medizinische Fachbegriffe FSP Stuttgart,basic,1,Fachbegriff → Umgangssprache,terminale Niereninsuffizienz,Was bedeutet der medizinische Fachbegriff „terminale Niereninsuffizienz“ in Umgangssprache?,finales Nierenversagen
fsp-stuttgart-251,FSP Stuttgart.docx,9,Medizinische Fachbegriffe FSP Stuttgart,Medizinische Fachbegriffe FSP Stuttgart,basic,1,Fachbegriff → Umgangssprache,Thrombozyt,Was bedeutet der medizinische Fachbegriff „Thrombozyt“ in Umgangssprache?,Blutplättchen
fsp-stuttgart-252,FSP Stuttgart.docx,9,Medizinische Fachbegriffe FSP Stuttgart,Medizinische Fachbegriffe FSP Stuttgart,basic,1,Fachbegriff → Umgangssprache,TIA,Was bedeutet der medizinische Fachbegriff „TIA“ in Umgangssprache?,transitorische ischämische Attacke
fsp-stuttgart-253,FSP Stuttgart.docx,9,Medizinische Fachbegriffe FSP Stuttgart,Medizinische Fachbegriffe FSP Stuttgart,basic,1,Fachbegriff → Umgangssprache,Tibia,Was bedeutet der medizinische Fachbegriff „Tibia“ in Umgangssprache?,Schienbein
fsp-stuttgart-254,FSP Stuttgart.docx,10,Medizinische Fachbegriffe FSP Stuttgart,Medizinische Fachbegriffe FSP Stuttgart,basic,1,Fachbegriff → Umgangssprache,Tic,Was bedeutet der medizinische Fachbegriff „Tic“ in Umgangssprache?,"Zucken, nicht unterdrückbares Muskelzucken"
fsp-stuttgart-255,FSP Stuttgart.docx,10,Medizinische Fachbegriffe FSP Stuttgart,Medizinische Fachbegriffe FSP Stuttgart,basic,1,Fachbegriff → Umgangssprache,Tophus,Was bedeutet der medizinische Fachbegriff „Tophus“ in Umgangssprache?,Knoten (z. B. Gichtknoten)
fsp-stuttgart-256,FSP Stuttgart.docx,10,Medizinische Fachbegriffe FSP Stuttgart,Medizinische Fachbegriffe FSP Stuttgart,basic,2,Fachbegriff → Umgangssprache,toxisch,Was bedeutet der medizinische Fachbegriff „toxisch“ in Umgangssprache?,giftig
fsp-stuttgart-257,FSP Stuttgart.docx,10,Medizinische Fachbegriffe FSP Stuttgart,Medizinische Fachbegriffe FSP Stuttgart,basic,1,Fachbegriff → Umgangssprache,Tranquilizer,Was bedeutet der medizinische Fachbegriff „Tranquilizer“ in Umgangssprache?,beruhigendes Medikament
fsp-stuttgart-258,FSP Stuttgart.docx,10,Medizinische Fachbegriffe FSP Stuttgart,Medizinische Fachbegriffe FSP Stuttgart,basic,1,Fachbegriff → Umgangssprache,Transfusion,Was bedeutet der medizinische Fachbegriff „Transfusion“ in Umgangssprache?,Blutübertragung
fsp-stuttgart-259,FSP Stuttgart.docx,10,Medizinische Fachbegriffe FSP Stuttgart,Medizinische Fachbegriffe FSP Stuttgart,basic,1,Fachbegriff → Umgangssprache,transitorische Ischämie,Was bedeutet der medizinische Fachbegriff „transitorische Ischämie“ in Umgangssprache?,vorübergehende Blutleere
fsp-stuttgart-260,FSP Stuttgart.docx,10,Medizinische Fachbegriffe FSP Stuttgart,Medizinische Fachbegriffe FSP Stuttgart,basic,1,Fachbegriff → Umgangssprache,Tremor,Was bedeutet der medizinische Fachbegriff „Tremor“ in Umgangssprache?,Zittern
fsp-stuttgart-261,FSP Stuttgart.docx,10,Medizinische Fachbegriffe FSP Stuttgart,Medizinische Fachbegriffe FSP Stuttgart,basic,2,Fachbegriff → Umgangssprache,Trigeminusneuralgie,Was bedeutet der medizinische Fachbegriff „Trigeminusneuralgie“ in Umgangssprache?,Schmerzanfälle im Bereich des Nervus trigeminus
fsp-stuttgart-262,FSP Stuttgart.docx,10,Medizinische Fachbegriffe FSP Stuttgart,Medizinische Fachbegriffe FSP Stuttgart,medium,3,Fachbegriff → Umgangssprache,Trikuspidalinsuffizienz,Was bedeutet der medizinische Fachbegriff „Trikuspidalinsuffizienz“ in Umgangssprache?,Form der Herzklappenfehler
fsp-stuttgart-263,FSP Stuttgart.docx,10,Medizinische Fachbegriffe FSP Stuttgart,Medizinische Fachbegriffe FSP Stuttgart,basic,2,Fachbegriff → Umgangssprache,Ulna,Was bedeutet der medizinische Fachbegriff „Ulna“ in Umgangssprache?,Elle
fsp-stuttgart-264,FSP Stuttgart.docx,10,Medizinische Fachbegriffe FSP Stuttgart,Medizinische Fachbegriffe FSP Stuttgart,basic,1,Fachbegriff → Umgangssprache,Urämie,Was bedeutet der medizinische Fachbegriff „Urämie“ in Umgangssprache?,Anhäufung von harnpflichtigen Stoffen im Blut (sog. Harnvergiftung)
fsp-stuttgart-265,FSP Stuttgart.docx,10,Medizinische Fachbegriffe FSP Stuttgart,Medizinische Fachbegriffe FSP Stuttgart,basic,1,Fachbegriff → Umgangssprache,Valva,Was bedeutet der medizinische Fachbegriff „Valva“ in Umgangssprache?,Klappe
fsp-stuttgart-266,FSP Stuttgart.docx,10,Medizinische Fachbegriffe FSP Stuttgart,Medizinische Fachbegriffe FSP Stuttgart,basic,1,Fachbegriff → Umgangssprache,Varizelle,Was bedeutet der medizinische Fachbegriff „Varizelle“ in Umgangssprache?,Windpocke
fsp-stuttgart-267,FSP Stuttgart.docx,10,Medizinische Fachbegriffe FSP Stuttgart,Medizinische Fachbegriffe FSP Stuttgart,basic,1,Fachbegriff → Umgangssprache,Varizen,Was bedeutet der medizinische Fachbegriff „Varizen“ in Umgangssprache?,erweiterte geschlängelte Venen (sog. Krampfadern)
fsp-stuttgart-268,FSP Stuttgart.docx,10,Medizinische Fachbegriffe FSP Stuttgart,Medizinische Fachbegriffe FSP Stuttgart,basic,2,Fachbegriff → Umgangssprache,Vena Cava inferior,Was bedeutet der medizinische Fachbegriff „Vena Cava inferior“ in Umgangssprache?,untere Hohlvene
fsp-stuttgart-269,FSP Stuttgart.docx,10,Medizinische Fachbegriffe FSP Stuttgart,Medizinische Fachbegriffe FSP Stuttgart,basic,1,Fachbegriff → Umgangssprache,Vena cava superior,Was bedeutet der medizinische Fachbegriff „Vena cava superior“ in Umgangssprache?,obere Hohlvene
fsp-stuttgart-270,FSP Stuttgart.docx,10,Medizinische Fachbegriffe FSP Stuttgart,Medizinische Fachbegriffe FSP Stuttgart,basic,1,Fachbegriff → Umgangssprache,Venenthrombose,Was bedeutet der medizinische Fachbegriff „Venenthrombose“ in Umgangssprache?,Blutgerinnsel in den Hauptvenen
fsp-stuttgart-271,FSP Stuttgart.docx,10,Medizinische Fachbegriffe FSP Stuttgart,Medizinische Fachbegriffe FSP Stuttgart,basic,2,Fachbegriff → Umgangssprache,ventral,Was bedeutet der medizinische Fachbegriff „ventral“ in Umgangssprache?,bauchseitig gelegen
fsp-stuttgart-272,FSP Stuttgart.docx,10,Medizinische Fachbegriffe FSP Stuttgart,Medizinische Fachbegriffe FSP Stuttgart,basic,1,Fachbegriff → Umgangssprache,Verstopfung,Was bedeutet der medizinische Fachbegriff „Verstopfung“ in Umgangssprache?,Obstipation
fsp-stuttgart-273,FSP Stuttgart.docx,10,Medizinische Fachbegriffe FSP Stuttgart,Medizinische Fachbegriffe FSP Stuttgart,basic,2,Fachbegriff → Umgangssprache,Vesica biliaris,Was bedeutet der medizinische Fachbegriff „Vesica biliaris“ in Umgangssprache?,Gallenblase
fsp-stuttgart-274,FSP Stuttgart.docx,10,Medizinische Fachbegriffe FSP Stuttgart,Medizinische Fachbegriffe FSP Stuttgart,basic,2,Fachbegriff → Umgangssprache,Vigilanz,Was bedeutet der medizinische Fachbegriff „Vigilanz“ in Umgangssprache?,Wachheit
fsp-stuttgart-275,FSP Stuttgart.docx,10,Medizinische Fachbegriffe FSP Stuttgart,Medizinische Fachbegriffe FSP Stuttgart,medium,3,Fachbegriff → Umgangssprache,zerebral,Was bedeutet der medizinische Fachbegriff „zerebral“ in Umgangssprache?,zum Gehirn gehörend
fsp-stuttgart-276,FSP Stuttgart.docx,10,Medizinische Fachbegriffe FSP Stuttgart,Medizinische Fachbegriffe FSP Stuttgart,basic,1,Fachbegriff → Umgangssprache,Zerumen,Was bedeutet der medizinische Fachbegriff „Zerumen“ in Umgangssprache?,Ohrenschmalz
fsp-stuttgart-277,FSP Stuttgart.docx,10,Medizinische Fachbegriffe FSP Stuttgart,Medizinische Fachbegriffe FSP Stuttgart,medium,3,Fachbegriff → Umgangssprache,Zoster oticus,Was bedeutet der medizinische Fachbegriff „Zoster oticus“ in Umgangssprache?,Gürtelrose
fsp-stuttgart-278,FSP Stuttgart.docx,10,Medizinische Fachbegriffe FSP Stuttgart,Medizinische Fachbegriffe FSP Stuttgart,basic,1,Fachbegriff → Umgangssprache,Zyklothymie,Was bedeutet der medizinische Fachbegriff „Zyklothymie“ in Umgangssprache?,Stimmungsschwankungen
fsp-stuttgart-279,FSP Stuttgart.docx,10,Medizinische Fachbegriffe FSP Stuttgart,Medizinische Fachbegriffe FSP Stuttgart,medium,4,Fachbegriff → Umgangssprache,Zystitis,Was bedeutet der medizinische Fachbegriff „Zystitis“ in Umgangssprache?,Blasenentzündung
